{
  "type": "FeatureCollection",
  "name": "lahore_road_density",
  "crs": {
    "type": "name",
    "properties": {
      "name": "urn:ogc:def:crs:OGC:1.3:CRS84"
    }
  },
  "features": [
    {
      "type": "Feature",
      "id": "ZONE-LHR-0001",
      "properties": {
        "zone_id": "ZONE-LHR-0001",
        "zone_name": "Zone 1 (R1C14)",
        "area_sqkm": 0.46,
        "road_density_km_per_sqkm": 3.023,
        "estimated_road_length_km": 1.39,
        "is_urban_core": false
      },
      "geometry": {
        "type": "Polygon",
        "coordinates": [
          [
            [
              74.44651312698365,
              31.686177261596722
            ],
            [
              74.43835798166789,
              31.686141615701224
            ],
            [
              74.4377745,
              31.686811499999994
            ],
            [
              74.4382575,
              31.6926148
            ],
            [
              74.4382575,
              31.692615000000004
            ],
            [
              74.438258,
              31.692614799999994
            ],
            [
              74.438258,
              31.692615000000004
            ],
            [
              74.4464912074781,
              31.68987064904663
            ],
            [
              74.44651312698365,
              31.686177261596722
            ]
          ]
        ]
      }
    },
    {
      "type": "Feature",
      "id": "ZONE-LHR-0002",
      "properties": {
        "zone_id": "ZONE-LHR-0002",
        "zone_name": "Zone 2 (R1C15)",
        "area_sqkm": 3.45,
        "road_density_km_per_sqkm": 2.579,
        "estimated_road_length_km": 8.9,
        "is_urban_core": false
      },
      "geometry": {
        "type": "Polygon",
        "coordinates": [
          [
            [
              74.47816545267666,
              31.68631067404614
            ],
            [
              74.44651312698365,
              31.686177261596722
            ],
            [
              74.4464912074781,
              31.68987064904663
            ],
            [
              74.4469638,
              31.689713099999995
            ],
            [
              74.44696390000001,
              31.689713000000005
            ],
            [
              74.4571195,
              31.690681
            ],
            [
              74.4571196,
              31.690681199999997
            ],
            [
              74.4591542,
              31.694297899999995
            ],
            [
              74.4602083,
              31.696171700000004
            ],
            [
              74.4608792,
              31.69736430000001
            ],
            [
              74.4614725,
              31.698419
            ],
            [
              74.4678683,
              31.700246399999997
            ],
            [
              74.4691273,
              31.70060610000001
            ],
            [
              74.4716295,
              31.701321
            ],
            [
              74.47805711750767,
              31.705664539256308
            ],
            [
              74.47816545267666,
              31.68631067404614
            ]
          ]
        ]
      }
    },
    {
      "type": "Feature",
      "id": "ZONE-LHR-0003",
      "properties": {
        "zone_id": "ZONE-LHR-0003",
        "zone_name": "Zone 3 (R1C16)",
        "area_sqkm": 6.55,
        "road_density_km_per_sqkm": 2.177,
        "estimated_road_length_km": 14.26,
        "is_urban_core": false
      },
      "geometry": {
        "type": "Polygon",
        "coordinates": [
          [
            [
              74.50981798213664,
              31.68643623308539
            ],
            [
              74.47816545267666,
              31.68631067404614
            ],
            [
              74.47805711750767,
              31.705664539256308
            ],
            [
              74.4848439,
              31.710250000000002
            ],
            [
              74.4895235,
              31.713412000000005
            ],
            [
              74.4897563,
              31.713423800000005
            ],
            [
              74.4904046,
              31.713082400000008
            ],
            [
              74.4917901,
              31.71235600000001
            ],
            [
              74.4934121,
              31.71169799999999
            ],
            [
              74.4948868,
              31.7112383
            ],
            [
              74.4957433,
              31.710930499999996
            ],
            [
              74.4976385,
              31.710174999999992
            ],
            [
              74.4983798,
              31.709898999999993
            ],
            [
              74.4992996,
              31.709422699999994
            ],
            [
              74.4999165,
              31.707741399999996
            ],
            [
              74.4992794,
              31.707288899999995
            ],
            [
              74.4994758,
              31.70689659999999
            ],
            [
              74.501518,
              31.703837799999995
            ],
            [
              74.50340970000002,
              31.702557200000005
            ],
            [
              74.5029272,
              31.701613600000005
            ],
            [
              74.5025283,
              31.700898300000002
            ],
            [
              74.5027205,
              31.700605000000007
            ],
            [
              74.5023472,
              31.699652299999993
            ],
            [
              74.5023172,
              31.699240599999996
            ],
            [
              74.5028536,
              31.6988346
            ],
            [
              74.5024194,
              31.69820350000001
            ],
            [
              74.5016799,
              31.6974077
            ],
            [
              74.5021407,
              31.696981699999988
            ],
            [
              74.501669,
              31.6964137
            ],
            [
              74.5023134,
              31.695992199999992
            ],
            [
              74.50198750000001,
              31.69562389999999
            ],
            [
              74.5025324,
              31.69529689999999
            ],
            [
              74.5028015,
              31.695215300000005
            ],
            [
              74.5034564,
              31.6949997
            ],
            [
              74.5037948,
              31.694870899999994
            ],
            [
              74.5045186,
              31.6945574
            ],
            [
              74.5051194,
              31.694333900000004
            ],
            [
              74.506831,
              31.693877500000003
            ],
            [
              74.5076359,
              31.6931441
            ],
            [
              74.50844010000002,
              31.69274909999999
            ],
            [
              74.50940010000001,
              31.692216100000003
            ],
            [
              74.50978856372083,
              31.69203305224487
            ],
            [
              74.50981798213664,
              31.68643623308539
            ]
          ]
        ]
      }
    },
    {
      "type": "Feature",
      "id": "ZONE-LHR-0004",
      "properties": {
        "zone_id": "ZONE-LHR-0004",
        "zone_name": "Zone 4 (R1C17)",
        "area_sqkm": 0.39,
        "road_density_km_per_sqkm": 2.005,
        "estimated_road_length_km": 0.78,
        "is_urban_core": false
      },
      "geometry": {
        "type": "Polygon",
        "coordinates": [
          [
            [
              74.50981798213664,
              31.68643623308539
            ],
            [
              74.50978856372083,
              31.69203305224487
            ],
            [
              74.5097978,
              31.6920287
            ],
            [
              74.510607,
              31.691761200000002
            ],
            [
              74.51207650000002,
              31.691146000000003
            ],
            [
              74.5140765,
              31.690311299999998
            ],
            [
              74.5144972,
              31.690123700000008
            ],
            [
              74.5150559,
              31.68983409999999
            ],
            [
              74.5154797,
              31.689585499999996
            ],
            [
              74.51606930000001,
              31.68918379999999
            ],
            [
              74.5168343,
              31.6887015
            ],
            [
              74.5170778,
              31.6886293
            ],
            [
              74.517259,
              31.6885361
            ],
            [
              74.5178404,
              31.688330500000003
            ],
            [
              74.518462,
              31.6881566
            ],
            [
              74.5194652,
              31.687843000000008
            ],
            [
              74.5208869,
              31.6874325
            ],
            [
              74.5219012,
              31.6872623
            ],
            [
              74.5231103,
              31.6868068
            ],
            [
              74.5237918,
              31.686957599999996
            ],
            [
              74.5242859,
              31.686934300000008
            ],
            [
              74.52461033846656,
              31.686492218316292
            ],
            [
              74.50981798213664,
              31.68643623308539
            ]
          ]
        ]
      }
    },
    {
      "type": "Feature",
      "id": "ZONE-LHR-0005",
      "properties": {
        "zone_id": "ZONE-LHR-0005",
        "zone_name": "Zone 5 (R2C12)",
        "area_sqkm": 1.84,
        "road_density_km_per_sqkm": 4.973,
        "estimated_road_length_km": 9.15,
        "is_urban_core": false
      },
      "geometry": {
        "type": "Polygon",
        "coordinates": [
          [
            [
              74.38338799665178,
              31.65882161327885
            ],
            [
              74.35772491586361,
              31.65869503917286
            ],
            [
              74.358457,
              31.65924399999999
            ],
            [
              74.359492,
              31.660328200000006
            ],
            [
              74.3630059,
              31.6640094
            ],
            [
              74.36861340000002,
              31.6698839
            ],
            [
              74.3686135,
              31.669883999999996
            ],
            [
              74.3686139,
              31.66988389999999
            ],
            [
              74.368614,
              31.669883999999996
            ],
            [
              74.3727768,
              31.668496400000002
            ],
            [
              74.37732,
              31.666982
            ],
            [
              74.38337259702115,
              31.66115333373828
            ],
            [
              74.38338799665178,
              31.65882161327885
            ]
          ]
        ]
      }
    },
    {
      "type": "Feature",
      "id": "ZONE-LHR-0006",
      "properties": {
        "zone_id": "ZONE-LHR-0006",
        "zone_name": "Zone 6 (R2C14)",
        "area_sqkm": 1.62,
        "road_density_km_per_sqkm": 3.497,
        "estimated_road_length_km": 5.67,
        "is_urban_core": false
      },
      "geometry": {
        "type": "MultiPolygon",
        "coordinates": [
          [
            [
              [
                74.44667363249135,
                31.659111692512266
              ],
              [
                74.429828464266,
                31.65903754514856
              ],
              [
                74.4376808,
                31.666888299999993
              ],
              [
                74.4377745,
                31.666981999999997
              ],
              [
                74.44660758098102,
                31.670254187993606
              ],
              [
                74.44667363249135,
                31.659111692512266
              ]
            ]
          ],
          [
            [
              [
                74.44651312698365,
                31.686177261596722
              ],
              [
                74.44656927199414,
                31.676713849067646
              ],
              [
                74.4453869,
                31.6780714
              ],
              [
                74.4418084,
                31.682179999999995
              ],
              [
                74.43835798166789,
                31.686141615701224
              ],
              [
                74.44651312698365,
                31.686177261596722
              ]
            ]
          ]
        ]
      }
    },
    {
      "type": "Feature",
      "id": "ZONE-LHR-0007",
      "properties": {
        "zone_id": "ZONE-LHR-0007",
        "zone_name": "Zone 7 (R2C15)",
        "area_sqkm": 8.86,
        "road_density_km_per_sqkm": 3.01,
        "estimated_road_length_km": 26.67,
        "is_urban_core": false
      },
      "geometry": {
        "type": "Polygon",
        "coordinates": [
          [
            [
              74.44651312698365,
              31.686177261596722
            ],
            [
              74.47816545267666,
              31.68631067404614
            ],
            [
              74.47831678038057,
              31.659244964759136
            ],
            [
              74.44667363249135,
              31.659111692512266
            ],
            [
              74.44660758098102,
              31.670254187993606
            ],
            [
              74.4508325,
              31.671819000000006
            ],
            [
              74.4482033,
              31.674837800000002
            ],
            [
              74.4470654,
              31.6761442
            ],
            [
              74.44656927199414,
              31.676713849067646
            ],
            [
              74.44651312698365,
              31.686177261596722
            ]
          ]
        ]
      }
    },
    {
      "type": "Feature",
      "id": "ZONE-LHR-0008",
      "properties": {
        "zone_id": "ZONE-LHR-0008",
        "zone_name": "Zone 8 (R2C16)",
        "area_sqkm": 9.0,
        "road_density_km_per_sqkm": 2.485,
        "estimated_road_length_km": 22.36,
        "is_urban_core": false
      },
      "geometry": {
        "type": "Polygon",
        "coordinates": [
          [
            [
              74.47831678038057,
              31.659244964759136
            ],
            [
              74.47816545267666,
              31.68631067404614
            ],
            [
              74.50981798213664,
              31.68643623308539
            ],
            [
              74.50996013179304,
              31.65937039184858
            ],
            [
              74.47831678038057,
              31.659244964759136
            ]
          ]
        ]
      }
    },
    {
      "type": "Feature",
      "id": "ZONE-LHR-0009",
      "properties": {
        "zone_id": "ZONE-LHR-0009",
        "zone_name": "Zone 9 (R2C17)",
        "area_sqkm": 6.35,
        "road_density_km_per_sqkm": 2.09,
        "estimated_road_length_km": 13.27,
        "is_urban_core": false
      },
      "geometry": {
        "type": "Polygon",
        "coordinates": [
          [
            [
              74.50996013179304,
              31.65937039184858
            ],
            [
              74.50981798213664,
              31.68643623308539
            ],
            [
              74.52461033846656,
              31.686492218316292
            ],
            [
              74.5246924,
              31.686380400000004
            ],
            [
              74.5249652,
              31.686042899999993
            ],
            [
              74.5252293,
              31.6858278
            ],
            [
              74.5254887,
              31.685653600000002
            ],
            [
              74.5255947,
              31.685522100000004
            ],
            [
              74.5257624,
              31.685314199999997
            ],
            [
              74.5260609,
              31.684746299999997
            ],
            [
              74.526362,
              31.6842894
            ],
            [
              74.5270098,
              31.683605299999993
            ],
            [
              74.5274679,
              31.683272599999995
            ],
            [
              74.5285068,
              31.682515699999996
            ],
            [
              74.5287213,
              31.6823836
            ],
            [
              74.529468,
              31.682055700000003
            ],
            [
              74.5308959,
              31.6816014
            ],
            [
              74.5312995,
              31.6814278
            ],
            [
              74.5319955,
              31.6810849
            ],
            [
              74.532177,
              31.680591299999993
            ],
            [
              74.5323889,
              31.680155099999997
            ],
            [
              74.532555,
              31.67955590000001
            ],
            [
              74.5325942,
              31.67882100000001
            ],
            [
              74.5326557,
              31.67858469999999
            ],
            [
              74.5327488,
              31.6784988
            ],
            [
              74.5329781,
              31.6784434
            ],
            [
              74.5345333,
              31.678296300000007
            ],
            [
              74.5346304,
              31.677872099999995
            ],
            [
              74.5347082,
              31.677630700000012
            ],
            [
              74.535112,
              31.67762509999999
            ],
            [
              74.5350644,
              31.676787999999984
            ],
            [
              74.5347787,
              31.675885500000003
            ],
            [
              74.5341092,
              31.675044199999995
            ],
            [
              74.5342795,
              31.674469000000002
            ],
            [
              74.5343211,
              31.67400740000001
            ],
            [
              74.5345127,
              31.673626299999995
            ],
            [
              74.5343397,
              31.67343359999999
            ],
            [
              74.533725,
              31.67312280000001
            ],
            [
              74.5326542,
              31.6723813
            ],
            [
              74.5320955,
              31.671952399999995
            ],
            [
              74.5312665,
              31.671159100000004
            ],
            [
              74.5296913,
              31.6694301
            ],
            [
              74.5293983,
              31.6689368
            ],
            [
              74.5293293,
              31.66826780000001
            ],
            [
              74.5291843,
              31.668108200000002
            ],
            [
              74.529022,
              31.667483699999995
            ],
            [
              74.5289999,
              31.66727420000001
            ],
            [
              74.52903960000002,
              31.666876199999997
            ],
            [
              74.5288352,
              31.6663989
            ],
            [
              74.5293846,
              31.6662649
            ],
            [
              74.5300228,
              31.6662054
            ],
            [
              74.5305852,
              31.666093599999993
            ],
            [
              74.5306367,
              31.6661424
            ],
            [
              74.5311494,
              31.666116299999995
            ],
            [
              74.5327002,
              31.664886899999992
            ],
            [
              74.5337786,
              31.664103599999994
            ],
            [
              74.5347372,
              31.663571199999996
            ],
            [
              74.5363225,
              31.66281140000001
            ],
            [
              74.5379429,
              31.661874000000008
            ],
            [
              74.5387825,
              31.6610823
            ],
            [
              74.5397272,
              31.660321200000002
            ],
            [
              74.5403219,
              31.6599425
            ],
            [
              74.54020009934243,
              31.659482924467678
            ],
            [
              74.50996013179304,
              31.65937039184858
            ]
          ]
        ]
      }
    },
    {
      "type": "Feature",
      "id": "ZONE-LHR-0010",
      "properties": {
        "zone_id": "ZONE-LHR-0010",
        "zone_name": "Zone 10 (R3C9)",
        "area_sqkm": 1.35,
        "road_density_km_per_sqkm": 6.413,
        "estimated_road_length_km": 8.66,
        "is_urban_core": true
      },
      "geometry": {
        "type": "Polygon",
        "coordinates": [
          [
            [
              74.28866749064368,
              31.631262800192612
            ],
            [
              74.27742932576868,
              31.631199695588073
            ],
            [
              74.2779654,
              31.631641400000003
            ],
            [
              74.2791241,
              31.631751
            ],
            [
              74.2792957,
              31.63282889999999
            ],
            [
              74.2793172,
              31.634345300000003
            ],
            [
              74.278888,
              31.635404900000005
            ],
            [
              74.2790382,
              31.636354899999994
            ],
            [
              74.2794674,
              31.6369577
            ],
            [
              74.2810338,
              31.637871200000003
            ],
            [
              74.2824286,
              31.6385288
            ],
            [
              74.2818063,
              31.6399903
            ],
            [
              74.2815488,
              31.6404653
            ],
            [
              74.2820638,
              31.6411229
            ],
            [
              74.2817744,
              31.6421266
            ],
            [
              74.2816456,
              31.642646600000003
            ],
            [
              74.2817186,
              31.644448799999992
            ],
            [
              74.2817705,
              31.646413199999994
            ],
            [
              74.2832844,
              31.6464484
            ],
            [
              74.2849606,
              31.64727909999999
            ],
            [
              74.28515370000001,
              31.647772299999993
            ],
            [
              74.2856687,
              31.648594299999996
            ],
            [
              74.2881363,
              31.6490875
            ],
            [
              74.2882865,
              31.6477175
            ],
            [
              74.28854316399217,
              31.64759262063732
            ],
            [
              74.28866749064368,
              31.631262800192612
            ]
          ]
        ]
      }
    },
    {
      "type": "Feature",
      "id": "ZONE-LHR-0011",
      "properties": {
        "zone_id": "ZONE-LHR-0011",
        "zone_name": "Zone 11 (R3C10)",
        "area_sqkm": 5.11,
        "road_density_km_per_sqkm": 6.603,
        "estimated_road_length_km": 33.74,
        "is_urban_core": true
      },
      "geometry": {
        "type": "Polygon",
        "coordinates": [
          [
            [
              74.32030027176725,
              31.63143511394755
            ],
            [
              74.28866749064368,
              31.631262800192612
            ],
            [
              74.28854316399217,
              31.64759262063732
            ],
            [
              74.2890375,
              31.647352100000003
            ],
            [
              74.2891019,
              31.646822400000005
            ],
            [
              74.2908829,
              31.6467493
            ],
            [
              74.291591,
              31.6463292
            ],
            [
              74.2922347,
              31.6469685
            ],
            [
              74.2923635,
              31.6476809
            ],
            [
              74.2924707,
              31.648174099999995
            ],
            [
              74.2933291,
              31.648758699999995
            ],
            [
              74.2933291,
              31.649690200000002
            ],
            [
              74.2941659,
              31.6500738
            ],
            [
              74.2945951,
              31.6508227
            ],
            [
              74.2959683,
              31.650841000000003
            ],
            [
              74.2959683,
              31.651608199999995
            ],
            [
              74.29656920000001,
              31.652557999999992
            ],
            [
              74.3008178,
              31.652740700000003
            ],
            [
              74.3025344,
              31.652576299999993
            ],
            [
              74.30626800000002,
              31.651626499999992
            ],
            [
              74.3053883,
              31.64959890000001
            ],
            [
              74.3055599,
              31.647772299999993
            ],
            [
              74.3073624,
              31.6467128
            ],
            [
              74.3080705,
              31.64576290000001
            ],
            [
              74.3080919,
              31.643406400000003
            ],
            [
              74.3095081,
              31.642694000000002
            ],
            [
              74.3124693,
              31.6413056
            ],
            [
              74.3163746,
              31.640684500000006
            ],
            [
              74.3190139,
              31.639697999999992
            ],
            [
              74.3200868,
              31.637798099999998
            ],
            [
              74.32025853351269,
              31.63717390998377
            ],
            [
              74.32030027176725,
              31.63143511394755
            ]
          ]
        ]
      }
    },
    {
      "type": "Feature",
      "id": "ZONE-LHR-0012",
      "properties": {
        "zone_id": "ZONE-LHR-0012",
        "zone_name": "Zone 12 (R3C11)",
        "area_sqkm": 2.83,
        "road_density_km_per_sqkm": 6.508,
        "estimated_road_length_km": 18.42,
        "is_urban_core": true
      },
      "geometry": {
        "type": "MultiPolygon",
        "coordinates": [
          [
            [
              [
                74.35193331780374,
                31.631599591800374
              ],
              [
                74.33430506276191,
                31.63150889948445
              ],
              [
                74.3353765,
                31.633203099999996
              ],
              [
                74.3384235,
                31.639871300000003
              ],
              [
                74.3363636,
                31.641460600000006
              ],
              [
                74.3361705,
                31.643871899999994
              ],
              [
                74.3410455,
                31.6461855
              ],
              [
                74.3443138,
                31.6486367
              ],
              [
                74.35177629258773,
                31.654234009725567
              ],
              [
                74.35193331780374,
                31.631599591800374
              ]
            ]
          ],
          [
            [
              [
                74.32030027176725,
                31.63143511394755
              ],
              [
                74.32025853351269,
                31.63717390998377
              ],
              [
                74.3206447,
                31.635770300000008
              ],
              [
                74.3222015,
                31.632929099999995
              ],
              [
                74.32214346109893,
                31.63144491274582
              ],
              [
                74.32030027176725,
                31.63143511394755
              ]
            ]
          ]
        ]
      }
    },
    {
      "type": "Feature",
      "id": "ZONE-LHR-0013",
      "properties": {
        "zone_id": "ZONE-LHR-0013",
        "zone_name": "Zone 13 (R3C12)",
        "area_sqkm": 8.86,
        "road_density_km_per_sqkm": 5.848,
        "estimated_road_length_km": 51.81,
        "is_urban_core": false
      },
      "geometry": {
        "type": "Polygon",
        "coordinates": [
          [
            [
              74.38338799665178,
              31.65882161327885
            ],
            [
              74.38356661642769,
              31.631756233528446
            ],
            [
              74.35193331780374,
              31.631599591800374
            ],
            [
              74.35177629258773,
              31.654234009725567
            ],
            [
              74.35772491586361,
              31.65869503917286
            ],
            [
              74.38338799665178,
              31.65882161327885
            ]
          ]
        ]
      }
    },
    {
      "type": "Feature",
      "id": "ZONE-LHR-0014",
      "properties": {
        "zone_id": "ZONE-LHR-0014",
        "zone_name": "Zone 14 (R3C13)",
        "area_sqkm": 5.53,
        "road_density_km_per_sqkm": 5.34,
        "estimated_road_length_km": 29.53,
        "is_urban_core": false
      },
      "geometry": {
        "type": "Polygon",
        "coordinates": [
          [
            [
              74.41520015531307,
              31.63190503891969
            ],
            [
              74.38356661642769,
              31.631756233528446
            ],
            [
              74.38338799665178,
              31.65882161327885
            ],
            [
              74.38578195564997,
              31.658833157478632
            ],
            [
              74.390378,
              31.654406999999992
            ],
            [
              74.3958236,
              31.649895
            ],
            [
              74.3981415,
              31.647974500000004
            ],
            [
              74.4023903,
              31.644454099999997
            ],
            [
              74.4073046,
              31.640382399999993
            ],
            [
              74.4073048,
              31.640382199999998
            ],
            [
              74.4151159873878,
              31.64535301125174
            ],
            [
              74.41520015531307,
              31.63190503891969
            ]
          ]
        ]
      }
    },
    {
      "type": "Feature",
      "id": "ZONE-LHR-0015",
      "properties": {
        "zone_id": "ZONE-LHR-0015",
        "zone_name": "Zone 15 (R3C14)",
        "area_sqkm": 7.88,
        "road_density_km_per_sqkm": 7.787,
        "estimated_road_length_km": 61.36,
        "is_urban_core": false
      },
      "geometry": {
        "type": "Polygon",
        "coordinates": [
          [
            [
              74.44667363249135,
              31.659111692512266
            ],
            [
              74.4468339221333,
              31.63204600777268
            ],
            [
              74.41520015531307,
              31.63190503891969
            ],
            [
              74.4151159873878,
              31.64535301125174
            ],
            [
              74.4159827,
              31.6459045
            ],
            [
              74.4162025,
              31.646044399999987
            ],
            [
              74.4179445,
              31.647152999999992
            ],
            [
              74.4193741,
              31.648582500000003
            ],
            [
              74.429828464266,
              31.65903754514856
            ],
            [
              74.44667363249135,
              31.659111692512266
            ]
          ]
        ]
      }
    },
    {
      "type": "Feature",
      "id": "ZONE-LHR-0016",
      "properties": {
        "zone_id": "ZONE-LHR-0016",
        "zone_name": "Zone 16 (R3C15)",
        "area_sqkm": 9.0,
        "road_density_km_per_sqkm": 7.026,
        "estimated_road_length_km": 63.23,
        "is_urban_core": false
      },
      "geometry": {
        "type": "Polygon",
        "coordinates": [
          [
            [
              74.4468339221333,
              31.63204600777268
            ],
            [
              74.44667363249135,
              31.659111692512266
            ],
            [
              74.47831678038057,
              31.659244964759136
            ],
            [
              74.47846790456117,
              31.632179139896532
            ],
            [
              74.4468339221333,
              31.63204600777268
            ]
          ]
        ]
      }
    },
    {
      "type": "Feature",
      "id": "ZONE-LHR-0017",
      "properties": {
        "zone_id": "ZONE-LHR-0017",
        "zone_name": "Zone 17 (R3C16)",
        "area_sqkm": 9.0,
        "road_density_km_per_sqkm": 6.352,
        "estimated_road_length_km": 57.17,
        "is_urban_core": false
      },
      "geometry": {
        "type": "Polygon",
        "coordinates": [
          [
            [
              74.47846790456117,
              31.632179139896532
            ],
            [
              74.47831678038057,
              31.659244964759136
            ],
            [
              74.50996013179304,
              31.65937039184858
            ],
            [
              74.51010209026903,
              31.63230443511104
            ],
            [
              74.47846790456117,
              31.632179139896532
            ]
          ]
        ]
      }
    },
    {
      "type": "Feature",
      "id": "ZONE-LHR-0018",
      "properties": {
        "zone_id": "ZONE-LHR-0018",
        "zone_name": "Zone 18 (R3C17)",
        "area_sqkm": 8.6,
        "road_density_km_per_sqkm": 2.298,
        "estimated_road_length_km": 19.76,
        "is_urban_core": false
      },
      "geometry": {
        "type": "Polygon",
        "coordinates": [
          [
            [
              74.54173646692873,
              31.632421893246555
            ],
            [
              74.51010209026903,
              31.63230443511104
            ],
            [
              74.50996013179304,
              31.65937039184858
            ],
            [
              74.54020009934243,
              31.659482924467678
            ],
            [
              74.5400353,
              31.658861099999996
            ],
            [
              74.5398767,
              31.6585418
            ],
            [
              74.53914060000001,
              31.657520899999998
            ],
            [
              74.5388811,
              31.657196299999992
            ],
            [
              74.5384219,
              31.656829599999995
            ],
            [
              74.5381705,
              31.656557200000005
            ],
            [
              74.5381387,
              31.656371099999994
            ],
            [
              74.5383071,
              31.656018099999994
            ],
            [
              74.5378083,
              31.655427200000002
            ],
            [
              74.5374345,
              31.655328699999995
            ],
            [
              74.5376071,
              31.65485879999999
            ],
            [
              74.5372476,
              31.654722
            ],
            [
              74.5377205,
              31.653876599999986
            ],
            [
              74.5375805,
              31.653631000000008
            ],
            [
              74.5374908,
              31.6531963
            ],
            [
              74.5376757,
              31.6526994
            ],
            [
              74.537764,
              31.652345299999993
            ],
            [
              74.5379955,
              31.651743699999997
            ],
            [
              74.5382225,
              31.65081899999999
            ],
            [
              74.5385155,
              31.6499709
            ],
            [
              74.5387919,
              31.6492069
            ],
            [
              74.5390523,
              31.6487027
            ],
            [
              74.5391597,
              31.648411
            ],
            [
              74.5391268,
              31.648244099999985
            ],
            [
              74.54026460000001,
              31.647746299999998
            ],
            [
              74.5409473,
              31.647434900000004
            ],
            [
              74.5410879,
              31.6472995
            ],
            [
              74.5412233,
              31.646658200000005
            ],
            [
              74.54166582753653,
              31.64682432529642
            ],
            [
              74.54173646692873,
              31.632421893246555
            ]
          ]
        ]
      }
    },
    {
      "type": "Feature",
      "id": "ZONE-LHR-0019",
      "properties": {
        "zone_id": "ZONE-LHR-0019",
        "zone_name": "Zone 19 (R3C18)",
        "area_sqkm": 0.87,
        "road_density_km_per_sqkm": 2.043,
        "estimated_road_length_km": 1.78,
        "is_urban_core": false
      },
      "geometry": {
        "type": "Polygon",
        "coordinates": [
          [
            [
              74.54173646692873,
              31.632421893246555
            ],
            [
              74.54166582753653,
              31.64682432529642
            ],
            [
              74.542324,
              31.647071400000005
            ],
            [
              74.5432261,
              31.647468899999993
            ],
            [
              74.5441361,
              31.647953099999985
            ],
            [
              74.5444993,
              31.648171000000005
            ],
            [
              74.544861,
              31.64832489999999
            ],
            [
              74.5453702,
              31.647804300000004
            ],
            [
              74.5455303,
              31.64773559999999
            ],
            [
              74.5465152,
              31.6458617
            ],
            [
              74.5466254,
              31.645700199999993
            ],
            [
              74.5466794,
              31.644905400000006
            ],
            [
              74.5477081,
              31.6427751
            ],
            [
              74.5478238,
              31.642208500000002
            ],
            [
              74.5480411,
              31.640907400000007
            ],
            [
              74.5479262,
              31.639058999999992
            ],
            [
              74.5477885,
              31.638545599999993
            ],
            [
              74.5476154,
              31.638251499999992
            ],
            [
              74.5467886,
              31.6368233
            ],
            [
              74.5467646,
              31.63631439999999
            ],
            [
              74.5467804,
              31.635088000000003
            ],
            [
              74.5468831,
              31.63455639999999
            ],
            [
              74.5470021,
              31.634171200000004
            ],
            [
              74.5473191,
              31.6336501
            ],
            [
              74.5464043,
              31.633364999999994
            ],
            [
              74.5462755,
              31.63324180000001
            ],
            [
              74.5464181,
              31.633145299999992
            ],
            [
              74.54706070736047,
              31.632440891513653
            ],
            [
              74.54173646692873,
              31.632421893246555
            ]
          ]
        ]
      }
    },
    {
      "type": "Feature",
      "id": "ZONE-LHR-0020",
      "properties": {
        "zone_id": "ZONE-LHR-0020",
        "zone_name": "Zone 20 (R4C9)",
        "area_sqkm": 6.81,
        "road_density_km_per_sqkm": 7.498,
        "estimated_road_length_km": 51.06,
        "is_urban_core": true
      },
      "geometry": {
        "type": "Polygon",
        "coordinates": [
          [
            [
              74.28866749064368,
              31.631262800192612
            ],
            [
              74.28887332618972,
              31.60419782371241
            ],
            [
              74.25961101240411,
              31.604031570256176
            ],
            [
              74.2594035,
              31.6046004
            ],
            [
              74.2583735,
              31.605445599999992
            ],
            [
              74.25796580000001,
              31.6080041
            ],
            [
              74.2584594,
              31.608607099999993
            ],
            [
              74.2587598,
              31.6106356
            ],
            [
              74.2606266,
              31.611549299999993
            ],
            [
              74.2606266,
              31.613102499999997
            ],
            [
              74.2630084,
              31.613742100000003
            ],
            [
              74.2651327,
              31.61407100000001
            ],
            [
              74.2675145,
              31.614472999999997
            ],
            [
              74.268008,
              31.6152039
            ],
            [
              74.2664416,
              31.617031199999996
            ],
            [
              74.2654975,
              31.618054500000003
            ],
            [
              74.2651756,
              31.618876799999992
            ],
            [
              74.265755,
              31.6198635
            ],
            [
              74.2654975,
              31.621708899999998
            ],
            [
              74.2653044,
              31.6265874
            ],
            [
              74.26524,
              31.627446099999993
            ],
            [
              74.2670854,
              31.629309699999986
            ],
            [
              74.2706688,
              31.6272634
            ],
            [
              74.27157,
              31.6269893
            ],
            [
              74.2747887,
              31.626824899999992
            ],
            [
              74.2764204,
              31.627621900000005
            ],
            [
              74.2761629,
              31.629485499999994
            ],
            [
              74.27650620000001,
              31.62997879999999
            ],
            [
              74.2772143,
              31.6300336
            ],
            [
              74.2773002,
              31.6310933
            ],
            [
              74.27742932576868,
              31.631199695588073
            ],
            [
              74.28866749064368,
              31.631262800192612
            ]
          ]
        ]
      }
    },
    {
      "type": "Feature",
      "id": "ZONE-LHR-0021",
      "properties": {
        "zone_id": "ZONE-LHR-0021",
        "zone_name": "Zone 21 (R4C10)",
        "area_sqkm": 9.0,
        "road_density_km_per_sqkm": 8.089,
        "estimated_road_length_km": 72.8,
        "is_urban_core": true
      },
      "geometry": {
        "type": "Polygon",
        "coordinates": [
          [
            [
              74.28887332618972,
              31.60419782371241
            ],
            [
              74.28866749064368,
              31.631262800192612
            ],
            [
              74.32030027176725,
              31.63143511394755
            ],
            [
              74.32049695561419,
              31.604369956210945
            ],
            [
              74.28887332618972,
              31.60419782371241
            ]
          ]
        ]
      }
    },
    {
      "type": "Feature",
      "id": "ZONE-LHR-0022",
      "properties": {
        "zone_id": "ZONE-LHR-0022",
        "zone_name": "Zone 22 (R4C11)",
        "area_sqkm": 8.5,
        "road_density_km_per_sqkm": 8.105,
        "estimated_road_length_km": 68.89,
        "is_urban_core": true
      },
      "geometry": {
        "type": "Polygon",
        "coordinates": [
          [
            [
              74.35193331780374,
              31.631599591800374
            ],
            [
              74.35212084963521,
              31.604534261049327
            ],
            [
              74.32049695561419,
              31.604369956210945
            ],
            [
              74.32030027176725,
              31.63143511394755
            ],
            [
              74.32214346109893,
              31.63144491274582
            ],
            [
              74.3221372,
              31.631284800000007
            ],
            [
              74.32312420000001,
              31.625401700000005
            ],
            [
              74.3325227,
              31.6286904
            ],
            [
              74.33430506276191,
              31.63150889948445
            ],
            [
              74.35193331780374,
              31.631599591800374
            ]
          ]
        ]
      }
    },
    {
      "type": "Feature",
      "id": "ZONE-LHR-0023",
      "properties": {
        "zone_id": "ZONE-LHR-0023",
        "zone_name": "Zone 23 (R4C12)",
        "area_sqkm": 9.0,
        "road_density_km_per_sqkm": 14.252,
        "estimated_road_length_km": 128.27,
        "is_urban_core": true
      },
      "geometry": {
        "type": "Polygon",
        "coordinates": [
          [
            [
              74.35212084963521,
              31.604534261049327
            ],
            [
              74.35193331780374,
              31.631599591800374
            ],
            [
              74.38356661642769,
              31.631756233528446
            ],
            [
              74.38374499594208,
              31.604690738005218
            ],
            [
              74.35212084963521,
              31.604534261049327
            ]
          ]
        ]
      }
    },
    {
      "type": "Feature",
      "id": "ZONE-LHR-0024",
      "properties": {
        "zone_id": "ZONE-LHR-0024",
        "zone_name": "Zone 24 (R4C13)",
        "area_sqkm": 9.0,
        "road_density_km_per_sqkm": 9.613,
        "estimated_road_length_km": 86.52,
        "is_urban_core": true
      },
      "geometry": {
        "type": "Polygon",
        "coordinates": [
          [
            [
              74.38374499594208,
              31.604690738005218
            ],
            [
              74.38356661642769,
              31.631756233528446
            ],
            [
              74.41520015531307,
              31.63190503891969
            ],
            [
              74.41536938222347,
              31.604839386866864
            ],
            [
              74.38374499594208,
              31.604690738005218
            ]
          ]
        ]
      }
    },
    {
      "type": "Feature",
      "id": "ZONE-LHR-0025",
      "properties": {
        "zone_id": "ZONE-LHR-0025",
        "zone_name": "Zone 25 (R4C14)",
        "area_sqkm": 9.0,
        "road_density_km_per_sqkm": 8.486,
        "estimated_road_length_km": 76.37,
        "is_urban_core": false
      },
      "geometry": {
        "type": "Polygon",
        "coordinates": [
          [
            [
              74.41536938222347,
              31.604839386866864
            ],
            [
              74.41520015531307,
              31.63190503891969
            ],
            [
              74.4468339221333,
              31.63204600777268
            ],
            [
              74.44699399616749,
              31.60498020743311
            ],
            [
              74.41536938222347,
              31.604839386866864
            ]
          ]
        ]
      }
    },
    {
      "type": "Feature",
      "id": "ZONE-LHR-0026",
      "properties": {
        "zone_id": "ZONE-LHR-0026",
        "zone_name": "Zone 26 (R4C15)",
        "area_sqkm": 9.0,
        "road_density_km_per_sqkm": 3.998,
        "estimated_road_length_km": 35.98,
        "is_urban_core": false
      },
      "geometry": {
        "type": "Polygon",
        "coordinates": [
          [
            [
              74.44699399616749,
              31.60498020743311
            ],
            [
              74.4468339221333,
              31.63204600777268
            ],
            [
              74.47846790456117,
              31.632179139896532
            ],
            [
              74.4786188254617,
              31.605113199513358
            ],
            [
              74.44699399616749,
              31.60498020743311
            ]
          ]
        ]
      }
    },
    {
      "type": "Feature",
      "id": "ZONE-LHR-0027",
      "properties": {
        "zone_id": "ZONE-LHR-0027",
        "zone_name": "Zone 27 (R4C16)",
        "area_sqkm": 9.0,
        "road_density_km_per_sqkm": 3.176,
        "estimated_road_length_km": 28.58,
        "is_urban_core": false
      },
      "geometry": {
        "type": "Polygon",
        "coordinates": [
          [
            [
              74.4786188254617,
              31.605113199513358
            ],
            [
              74.47846790456117,
              31.632179139896532
            ],
            [
              74.51010209026903,
              31.63230443511104
            ],
            [
              74.51024385779313,
              31.60523836292767
            ],
            [
              74.4786188254617,
              31.605113199513358
            ]
          ]
        ]
      }
    },
    {
      "type": "Feature",
      "id": "ZONE-LHR-0028",
      "properties": {
        "zone_id": "ZONE-LHR-0028",
        "zone_name": "Zone 28 (R4C17)",
        "area_sqkm": 9.0,
        "road_density_km_per_sqkm": 2.509,
        "estimated_road_length_km": 22.58,
        "is_urban_core": false
      },
      "geometry": {
        "type": "Polygon",
        "coordinates": [
          [
            [
              74.51024385779313,
              31.60523836292767
            ],
            [
              74.51010209026903,
              31.63230443511104
            ],
            [
              74.54173646692873,
              31.632421893246555
            ],
            [
              74.54186908084834,
              31.60535569750663
            ],
            [
              74.51024385779313,
              31.60523836292767
            ]
          ]
        ]
      }
    },
    {
      "type": "Feature",
      "id": "ZONE-LHR-0029",
      "properties": {
        "zone_id": "ZONE-LHR-0029",
        "zone_name": "Zone 29 (R4C18)",
        "area_sqkm": 3.31,
        "road_density_km_per_sqkm": 2.128,
        "estimated_road_length_km": 7.04,
        "is_urban_core": false
      },
      "geometry": {
        "type": "Polygon",
        "coordinates": [
          [
            [
              74.54186908084834,
              31.60535569750663
            ],
            [
              74.54173646692873,
              31.632421893246555
            ],
            [
              74.54706070736047,
              31.632440891513653
            ],
            [
              74.5474256,
              31.6320409
            ],
            [
              74.5478167,
              31.63159429999999
            ],
            [
              74.5479821,
              31.631311399999994
            ],
            [
              74.548472,
              31.630230199999993
            ],
            [
              74.5495968,
              31.627389299999997
            ],
            [
              74.5499162,
              31.6265871
            ],
            [
              74.550592,
              31.6254517
            ],
            [
              74.5512102,
              31.624600599999987
            ],
            [
              74.5516419,
              31.623985699999995
            ],
            [
              74.5517155,
              31.623638999999994
            ],
            [
              74.5517958,
              31.623207199999996
            ],
            [
              74.5518724,
              31.6229987
            ],
            [
              74.551884,
              31.620855099999993
            ],
            [
              74.5515297,
              31.620100500000003
            ],
            [
              74.5512534,
              31.61922929999999
            ],
            [
              74.5511895,
              31.618440799999984
            ],
            [
              74.5512135,
              31.6177394
            ],
            [
              74.5514818,
              31.617457199999997
            ],
            [
              74.5517738,
              31.617052499999993
            ],
            [
              74.5523692,
              31.616489999999988
            ],
            [
              74.5531153,
              31.61591270000001
            ],
            [
              74.5548696,
              31.6144522
            ],
            [
              74.5553859,
              31.613683
            ],
            [
              74.5546732,
              31.613192199999997
            ],
            [
              74.5558054,
              31.612097599999995
            ],
            [
              74.5564554,
              31.611411200000003
            ],
            [
              74.5560751,
              31.60977829999999
            ],
            [
              74.5556178,
              31.608514000000007
            ],
            [
              74.55547120000001,
              31.607907899999987
            ],
            [
              74.5564887,
              31.607789499999992
            ],
            [
              74.5575727,
              31.607632399999996
            ],
            [
              74.5586882,
              31.607413099999995
            ],
            [
              74.5597733,
              31.607259
            ],
            [
              74.5606246,
              31.607358199999993
            ],
            [
              74.5616777,
              31.60758969999999
            ],
            [
              74.5629286,
              31.6075628
            ],
            [
              74.5640578,
              31.607355799999993
            ],
            [
              74.5646687,
              31.607250799999985
            ],
            [
              74.5654867,
              31.60719029999999
            ],
            [
              74.5663764,
              31.607102900000005
            ],
            [
              74.5671972,
              31.607051
            ],
            [
              74.5674944,
              31.6070039
            ],
            [
              74.5691635,
              31.606578900000006
            ],
            [
              74.5692729,
              31.606213099999998
            ],
            [
              74.5700313,
              31.606167099999993
            ],
            [
              74.5712515,
              31.605984799999998
            ],
            [
              74.57146180000001,
              31.60590260000001
            ],
            [
              74.57191150000001,
              31.605727000000005
            ],
            [
              74.5726305,
              31.605565299999995
            ],
            [
              74.57314217831737,
              31.605464026334577
            ],
            [
              74.54186908084834,
              31.60535569750663
            ]
          ]
        ]
      }
    },
    {
      "type": "Feature",
      "id": "ZONE-LHR-0030",
      "properties": {
        "zone_id": "ZONE-LHR-0030",
        "zone_name": "Zone 30 (R5C8)",
        "area_sqkm": 3.05,
        "road_density_km_per_sqkm": 11.023,
        "estimated_road_length_km": 33.62,
        "is_urban_core": true
      },
      "geometry": {
        "type": "Polygon",
        "coordinates": [
          [
            [
              74.25746467136983,
              31.576952960686125
            ],
            [
              74.24504658131013,
              31.57688020734275
            ],
            [
              74.2448386,
              31.577550299999988
            ],
            [
              74.2515929,
              31.580419200000005
            ],
            [
              74.2510994,
              31.58164390000001
            ],
            [
              74.250284,
              31.5838009
            ],
            [
              74.2482026,
              31.587383599999995
            ],
            [
              74.2483099,
              31.58912
            ],
            [
              74.2465933,
              31.590289799999994
            ],
            [
              74.2452414,
              31.591130600000003
            ],
            [
              74.2447479,
              31.591678899999994
            ],
            [
              74.242924,
              31.591953099999998
            ],
            [
              74.2430528,
              31.592720799999995
            ],
            [
              74.2427094,
              31.5935615
            ],
            [
              74.2425592,
              31.594658200000012
            ],
            [
              74.2426022,
              31.595407500000004
            ],
            [
              74.240907,
              31.59612029999999
            ],
            [
              74.2403491,
              31.5973814
            ],
            [
              74.2408855,
              31.598203899999994
            ],
            [
              74.2410787,
              31.5998304
            ],
            [
              74.2422588,
              31.600415299999998
            ],
            [
              74.2441257,
              31.603248
            ],
            [
              74.2459925,
              31.603558699999994
            ],
            [
              74.24648343318756,
              31.60395480785662
            ],
            [
              74.24945573251097,
              31.603972306275526
            ],
            [
              74.2500265,
              31.6034125
            ],
            [
              74.2509277,
              31.603576999999998
            ],
            [
              74.2510197,
              31.602597599999996
            ],
            [
              74.2510565,
              31.60220629999998
            ],
            [
              74.2521294,
              31.6020418
            ],
            [
              74.2536743,
              31.6017677
            ],
            [
              74.2552407,
              31.5984963
            ],
            [
              74.257293552854,
              31.598527205421654
            ],
            [
              74.25746467136983,
              31.576952960686125
            ]
          ]
        ]
      }
    },
    {
      "type": "Feature",
      "id": "ZONE-LHR-0031",
      "properties": {
        "zone_id": "ZONE-LHR-0031",
        "zone_name": "Zone 31 (R5C9)",
        "area_sqkm": 8.84,
        "road_density_km_per_sqkm": 12.306,
        "estimated_road_length_km": 108.79,
        "is_urban_core": true
      },
      "geometry": {
        "type": "Polygon",
        "coordinates": [
          [
            [
              74.28887332618972,
              31.60419782371241
            ],
            [
              74.28907888482902,
              31.577132731221113
            ],
            [
              74.25746467136983,
              31.576952960686125
            ],
            [
              74.257293552854,
              31.598527205421654
            ],
            [
              74.2576654,
              31.598532799999997
            ],
            [
              74.2600258,
              31.599812199999995
            ],
            [
              74.2609485,
              31.600799100000007
            ],
            [
              74.2600902,
              31.602717999999996
            ],
            [
              74.25961101240411,
              31.604031570256176
            ],
            [
              74.28887332618972,
              31.60419782371241
            ]
          ]
        ]
      }
    },
    {
      "type": "Feature",
      "id": "ZONE-LHR-0032",
      "properties": {
        "zone_id": "ZONE-LHR-0032",
        "zone_name": "Zone 32 (R5C10)",
        "area_sqkm": 9.0,
        "road_density_km_per_sqkm": 17.28,
        "estimated_road_length_km": 155.52,
        "is_urban_core": true
      },
      "geometry": {
        "type": "Polygon",
        "coordinates": [
          [
            [
              74.28907888482902,
              31.577132731221113
            ],
            [
              74.28887332618972,
              31.60419782371241
            ],
            [
              74.32049695561419,
              31.604369956210945
            ],
            [
              74.32069337486445,
              31.577304682565835
            ],
            [
              74.28907888482902,
              31.577132731221113
            ]
          ]
        ]
      }
    },
    {
      "type": "Feature",
      "id": "ZONE-LHR-0033",
      "properties": {
        "zone_id": "ZONE-LHR-0033",
        "zone_name": "Zone 33 (R5C11)",
        "area_sqkm": 9.0,
        "road_density_km_per_sqkm": 17.226,
        "estimated_road_length_km": 155.03,
        "is_urban_core": true
      },
      "geometry": {
        "type": "Polygon",
        "coordinates": [
          [
            [
              74.32069337486445,
              31.577304682565835
            ],
            [
              74.32049695561419,
              31.604369956210945
            ],
            [
              74.35212084963521,
              31.604534261049327
            ],
            [
              74.35230812918074,
              31.57746881448771
            ],
            [
              74.32069337486445,
              31.577304682565835
            ]
          ]
        ]
      }
    },
    {
      "type": "Feature",
      "id": "ZONE-LHR-0034",
      "properties": {
        "zone_id": "ZONE-LHR-0034",
        "zone_name": "Zone 34 (R5C12)",
        "area_sqkm": 9.0,
        "road_density_km_per_sqkm": 19.192,
        "estimated_road_length_km": 172.73,
        "is_urban_core": true
      },
      "geometry": {
        "type": "Polygon",
        "coordinates": [
          [
            [
              74.35230812918074,
              31.57746881448771
            ],
            [
              74.35212084963521,
              31.604534261049327
            ],
            [
              74.38374499594208,
              31.604690738005218
            ],
            [
              74.38392313548185,
              31.57762512676469
            ],
            [
              74.35230812918074,
              31.57746881448771
            ]
          ]
        ]
      }
    },
    {
      "type": "Feature",
      "id": "ZONE-LHR-0035",
      "properties": {
        "zone_id": "ZONE-LHR-0035",
        "zone_name": "Zone 35 (R5C13)",
        "area_sqkm": 9.0,
        "road_density_km_per_sqkm": 10.497,
        "estimated_road_length_km": 94.47,
        "is_urban_core": true
      },
      "geometry": {
        "type": "Polygon",
        "coordinates": [
          [
            [
              74.38392313548185,
              31.57762512676469
            ],
            [
              74.38374499594208,
              31.604690738005218
            ],
            [
              74.41536938222347,
              31.604839386866864
            ],
            [
              74.41553838147115,
              31.577773619185354
            ],
            [
              74.38392313548185,
              31.57762512676469
            ]
          ]
        ]
      }
    },
    {
      "type": "Feature",
      "id": "ZONE-LHR-0036",
      "properties": {
        "zone_id": "ZONE-LHR-0036",
        "zone_name": "Zone 36 (R5C14)",
        "area_sqkm": 9.0,
        "road_density_km_per_sqkm": 12.538,
        "estimated_road_length_km": 112.84,
        "is_urban_core": false
      },
      "geometry": {
        "type": "Polygon",
        "coordinates": [
          [
            [
              74.41553838147115,
              31.577773619185354
            ],
            [
              74.41536938222347,
              31.604839386866864
            ],
            [
              74.44699399616749,
              31.60498020743311
            ],
            [
              74.44715385485141,
              31.577914291548797
            ],
            [
              74.41553838147115,
              31.577773619185354
            ]
          ]
        ]
      }
    },
    {
      "type": "Feature",
      "id": "ZONE-LHR-0037",
      "properties": {
        "zone_id": "ZONE-LHR-0037",
        "zone_name": "Zone 37 (R5C15)",
        "area_sqkm": 9.0,
        "road_density_km_per_sqkm": 11.353,
        "estimated_road_length_km": 102.18,
        "is_urban_core": false
      },
      "geometry": {
        "type": "Polygon",
        "coordinates": [
          [
            [
              74.44715385485141,
              31.577914291548797
            ],
            [
              74.44699399616749,
              31.60498020743311
            ],
            [
              74.4786188254617,
              31.605113199513358
            ],
            [
              74.47876954332492,
              31.57804714366474
            ],
            [
              74.44715385485141,
              31.577914291548797
            ]
          ]
        ]
      }
    },
    {
      "type": "Feature",
      "id": "ZONE-LHR-0038",
      "properties": {
        "zone_id": "ZONE-LHR-0038",
        "zone_name": "Zone 38 (R5C16)",
        "area_sqkm": 9.0,
        "road_density_km_per_sqkm": 3.411,
        "estimated_road_length_km": 30.7,
        "is_urban_core": false
      },
      "geometry": {
        "type": "Polygon",
        "coordinates": [
          [
            [
              74.47876954332492,
              31.57804714366474
            ],
            [
              74.4786188254617,
              31.605113199513358
            ],
            [
              74.51024385779313,
              31.60523836292767
            ],
            [
              74.51038543459336,
              31.57817217535347
            ],
            [
              74.47876954332492,
              31.57804714366474
            ]
          ]
        ]
      }
    },
    {
      "type": "Feature",
      "id": "ZONE-LHR-0039",
      "properties": {
        "zone_id": "ZONE-LHR-0039",
        "zone_name": "Zone 39 (R5C17)",
        "area_sqkm": 9.0,
        "road_density_km_per_sqkm": 2.667,
        "estimated_road_length_km": 24.0,
        "is_urban_core": false
      },
      "geometry": {
        "type": "Polygon",
        "coordinates": [
          [
            [
              74.51038543459336,
              31.57817217535347
            ],
            [
              74.51024385779313,
              31.60523836292767
            ],
            [
              74.54186908084834,
              31.60535569750663
            ],
            [
              74.54200151635801,
              31.57828938644582
            ],
            [
              74.51038543459336,
              31.57817217535347
            ]
          ]
        ]
      }
    },
    {
      "type": "Feature",
      "id": "ZONE-LHR-0040",
      "properties": {
        "zone_id": "ZONE-LHR-0040",
        "zone_name": "Zone 40 (R5C18)",
        "area_sqkm": 8.99,
        "road_density_km_per_sqkm": 2.083,
        "estimated_road_length_km": 18.73,
        "is_urban_core": false
      },
      "geometry": {
        "type": "Polygon",
        "coordinates": [
          [
            [
              74.57361777631965,
              31.578398776783235
            ],
            [
              74.54200151635801,
              31.57828938644582
            ],
            [
              74.54186908084834,
              31.60535569750663
            ],
            [
              74.57314217831737,
              31.605464026334577
            ],
            [
              74.573257,
              31.6054413
            ],
            [
              74.5730635,
              31.60488459999999
            ],
            [
              74.5731065,
              31.604649499999987
            ],
            [
              74.5731088,
              31.6046353
            ],
            [
              74.5731136,
              31.604611900000002
            ],
            [
              74.5731661,
              31.604338299999995
            ],
            [
              74.5732133,
              31.604092499999993
            ],
            [
              74.5732548,
              31.6038765
            ],
            [
              74.5734027,
              31.603873999999987
            ],
            [
              74.5734642,
              31.603872999999997
            ],
            [
              74.57350170616188,
              31.6038803773754
            ],
            [
              74.57361777631965,
              31.578398776783235
            ]
          ]
        ]
      }
    },
    {
      "type": "Feature",
      "id": "ZONE-LHR-0041",
      "properties": {
        "zone_id": "ZONE-LHR-0041",
        "zone_name": "Zone 41 (R5C19)",
        "area_sqkm": 1.99,
        "road_density_km_per_sqkm": 1.781,
        "estimated_road_length_km": 3.54,
        "is_urban_core": false
      },
      "geometry": {
        "type": "Polygon",
        "coordinates": [
          [
            [
              74.57361777631965,
              31.578398776783235
            ],
            [
              74.57350170616188,
              31.6038803773754
            ],
            [
              74.5742024,
              31.60401819999999
            ],
            [
              74.5744133,
              31.604013399999996
            ],
            [
              74.5746093,
              31.603995200000004
            ],
            [
              74.5754381,
              31.6039743
            ],
            [
              74.57552,
              31.6030783
            ],
            [
              74.5755328,
              31.602937700000002
            ],
            [
              74.5755154,
              31.602736299999986
            ],
            [
              74.5755657,
              31.6021345
            ],
            [
              74.5756102,
              31.6016428
            ],
            [
              74.5757222,
              31.60080500000001
            ],
            [
              74.5762154,
              31.6008723
            ],
            [
              74.5762827,
              31.600492899999992
            ],
            [
              74.5769567,
              31.6004932
            ],
            [
              74.5776923,
              31.6002897
            ],
            [
              74.5783668,
              31.600052
            ],
            [
              74.5789404,
              31.5996987
            ],
            [
              74.5774403,
              31.5994391
            ],
            [
              74.5772105,
              31.598761499999988
            ],
            [
              74.5771029,
              31.5986626
            ],
            [
              74.5770194,
              31.598452400000003
            ],
            [
              74.57630820000001,
              31.598564599999996
            ],
            [
              74.5759873,
              31.598573999999992
            ],
            [
              74.5756924,
              31.598501800000005
            ],
            [
              74.5749387,
              31.598609299999996
            ],
            [
              74.5748554,
              31.597806099999993
            ],
            [
              74.5749771,
              31.59759339999999
            ],
            [
              74.5753103,
              31.597149299999998
            ],
            [
              74.5761282,
              31.596196499999998
            ],
            [
              74.57652240000002,
              31.5957451
            ],
            [
              74.577167,
              31.595149899999992
            ],
            [
              74.57784930000001,
              31.594952699999993
            ],
            [
              74.5780586,
              31.595090099999993
            ],
            [
              74.5792508,
              31.59492150000001
            ],
            [
              74.57944750000001,
              31.5948237
            ],
            [
              74.5797269,
              31.59447070000001
            ],
            [
              74.5809223,
              31.594261699999997
            ],
            [
              74.5810239,
              31.593941399999995
            ],
            [
              74.5810267,
              31.593419699999995
            ],
            [
              74.5809802,
              31.593005999999992
            ],
            [
              74.5808465,
              31.5925307
            ],
            [
              74.58114450000001,
              31.592454899999996
            ],
            [
              74.5812809,
              31.591787500000002
            ],
            [
              74.5815342,
              31.591668699999996
            ],
            [
              74.5813708,
              31.590950799999987
            ],
            [
              74.5808142,
              31.591056999999996
            ],
            [
              74.580888,
              31.590609899999997
            ],
            [
              74.58114130000001,
              31.589800699999998
            ],
            [
              74.5813753,
              31.5887533
            ],
            [
              74.5816778,
              31.588875499999993
            ],
            [
              74.5823503,
              31.587959599999998
            ],
            [
              74.5820494,
              31.587815700000004
            ],
            [
              74.5817667,
              31.588038899999997
            ],
            [
              74.5809548,
              31.5872408
            ],
            [
              74.5809986,
              31.5871292
            ],
            [
              74.5816418,
              31.586561399999987
            ],
            [
              74.5818208,
              31.586464099999993
            ],
            [
              74.5821629,
              31.5863348
            ],
            [
              74.5827024,
              31.586119299999996
            ],
            [
              74.5837635,
              31.5855261
            ],
            [
              74.5845885,
              31.58503929999999
            ],
            [
              74.5852331,
              31.5856377
            ],
            [
              74.5858341,
              31.585104099999995
            ],
            [
              74.585184,
              31.584627199999993
            ],
            [
              74.5856995,
              31.5842539
            ],
            [
              74.5861282,
              31.5840142
            ],
            [
              74.5870074,
              31.583394399999996
            ],
            [
              74.586261,
              31.582872599999995
            ],
            [
              74.5860167,
              31.5825631
            ],
            [
              74.5853391,
              31.581370499999995
            ],
            [
              74.586281,
              31.580662699999994
            ],
            [
              74.5868833,
              31.580243900000003
            ],
            [
              74.5872496,
              31.580043899999993
            ],
            [
              74.5885086,
              31.579441400000004
            ],
            [
              74.5890782,
              31.5791413
            ],
            [
              74.58986759442594,
              31.57845195710328
            ],
            [
              74.57361777631965,
              31.578398776783235
            ]
          ]
        ]
      }
    },
    {
      "type": "Feature",
      "id": "ZONE-LHR-0042",
      "properties": {
        "zone_id": "ZONE-LHR-0042",
        "zone_name": "Zone 42 (R6C8)",
        "area_sqkm": 5.71,
        "road_density_km_per_sqkm": 11.29,
        "estimated_road_length_km": 64.47,
        "is_urban_core": true
      },
      "geometry": {
        "type": "Polygon",
        "coordinates": [
          [
            [
              74.25746467136983,
              31.576952960686125
            ],
            [
              74.25767908019664,
              31.549887941523497
            ],
            [
              74.22607428202797,
              31.54970054955702
            ],
            [
              74.22604555983666,
              31.553180173988554
            ],
            [
              74.2297537,
              31.556517400000008
            ],
            [
              74.2322678,
              31.558779800000003
            ],
            [
              74.2380305,
              31.563966000000004
            ],
            [
              74.23803060000002,
              31.563966000000004
            ],
            [
              74.24093440000001,
              31.565272799999992
            ],
            [
              74.2477035,
              31.568319000000002
            ],
            [
              74.24504658131013,
              31.57688020734275
            ],
            [
              74.25746467136983,
              31.576952960686125
            ]
          ]
        ]
      }
    },
    {
      "type": "Feature",
      "id": "ZONE-LHR-0043",
      "properties": {
        "zone_id": "ZONE-LHR-0043",
        "zone_name": "Zone 43 (R6C9)",
        "area_sqkm": 9.0,
        "road_density_km_per_sqkm": 13.165,
        "estimated_road_length_km": 118.48,
        "is_urban_core": true
      },
      "geometry": {
        "type": "Polygon",
        "coordinates": [
          [
            [
              74.25767908019664,
              31.549887941523497
            ],
            [
              74.25746467136983,
              31.576952960686125
            ],
            [
              74.28907888482902,
              31.577132731221113
            ],
            [
              74.28928416689193,
              31.55006752277482
            ],
            [
              74.25767908019664,
              31.549887941523497
            ]
          ]
        ]
      }
    },
    {
      "type": "Feature",
      "id": "ZONE-LHR-0044",
      "properties": {
        "zone_id": "ZONE-LHR-0044",
        "zone_name": "Zone 44 (R6C10)",
        "area_sqkm": 9.0,
        "road_density_km_per_sqkm": 15.872,
        "estimated_road_length_km": 142.85,
        "is_urban_core": true
      },
      "geometry": {
        "type": "Polygon",
        "coordinates": [
          [
            [
              74.28928416689193,
              31.55006752277482
            ],
            [
              74.28907888482902,
              31.577132731221113
            ],
            [
              74.32069337486445,
              31.577304682565835
            ],
            [
              74.32088952983376,
              31.550239293068184
            ],
            [
              74.28928416689193,
              31.55006752277482
            ]
          ]
        ]
      }
    },
    {
      "type": "Feature",
      "id": "ZONE-LHR-0045",
      "properties": {
        "zone_id": "ZONE-LHR-0045",
        "zone_name": "Zone 45 (R6C11)",
        "area_sqkm": 9.0,
        "road_density_km_per_sqkm": 15.718,
        "estimated_road_length_km": 141.46,
        "is_urban_core": true
      },
      "geometry": {
        "type": "Polygon",
        "coordinates": [
          [
            [
              74.32088952983376,
              31.550239293068184
            ],
            [
              74.32069337486445,
              31.577304682565835
            ],
            [
              74.35230812918074,
              31.57746881448771
            ],
            [
              74.35249515674134,
              31.55040325217132
            ],
            [
              74.32088952983376,
              31.550239293068184
            ]
          ]
        ]
      }
    },
    {
      "type": "Feature",
      "id": "ZONE-LHR-0046",
      "properties": {
        "zone_id": "ZONE-LHR-0046",
        "zone_name": "Zone 46 (R6C12)",
        "area_sqkm": 9.0,
        "road_density_km_per_sqkm": 13.041,
        "estimated_road_length_km": 117.37,
        "is_urban_core": true
      },
      "geometry": {
        "type": "Polygon",
        "coordinates": [
          [
            [
              74.35249515674134,
              31.55040325217132
            ],
            [
              74.35230812918074,
              31.57746881448771
            ],
            [
              74.38392313548185,
              31.57762512676469
            ],
            [
              74.38410103533334,
              31.55055939986253
            ],
            [
              74.35249515674134,
              31.55040325217132
            ]
          ]
        ]
      }
    },
    {
      "type": "Feature",
      "id": "ZONE-LHR-0047",
      "properties": {
        "zone_id": "ZONE-LHR-0047",
        "zone_name": "Zone 47 (R6C13)",
        "area_sqkm": 9.0,
        "road_density_km_per_sqkm": 10.933,
        "estimated_road_length_km": 98.4,
        "is_urban_core": true
      },
      "geometry": {
        "type": "Polygon",
        "coordinates": [
          [
            [
              74.38410103533334,
              31.55055939986253
            ],
            [
              74.38392313548185,
              31.57762512676469
            ],
            [
              74.41553838147115,
              31.577773619185354
            ],
            [
              74.41570715332776,
              31.550707735930654
            ],
            [
              74.38410103533334,
              31.55055939986253
            ]
          ]
        ]
      }
    },
    {
      "type": "Feature",
      "id": "ZONE-LHR-0048",
      "properties": {
        "zone_id": "ZONE-LHR-0048",
        "zone_name": "Zone 48 (R6C14)",
        "area_sqkm": 9.0,
        "road_density_km_per_sqkm": 12.789,
        "estimated_road_length_km": 115.1,
        "is_urban_core": false
      },
      "geometry": {
        "type": "Polygon",
        "coordinates": [
          [
            [
              74.41570715332776,
              31.550707735930654
            ],
            [
              74.41553838147115,
              31.577773619185354
            ],
            [
              74.44715385485141,
              31.577914291548797
            ],
            [
              74.44731349844204,
              31.550848260175123
            ],
            [
              74.41570715332776,
              31.550707735930654
            ]
          ]
        ]
      }
    },
    {
      "type": "Feature",
      "id": "ZONE-LHR-0049",
      "properties": {
        "zone_id": "ZONE-LHR-0049",
        "zone_name": "Zone 49 (R6C15)",
        "area_sqkm": 9.0,
        "road_density_km_per_sqkm": 8.008,
        "estimated_road_length_km": 72.07,
        "is_urban_core": false
      },
      "geometry": {
        "type": "Polygon",
        "coordinates": [
          [
            [
              74.44731349844204,
              31.550848260175123
            ],
            [
              74.44715385485141,
              31.577914291548797
            ],
            [
              74.47876954332492,
              31.57804714366474
            ],
            [
              74.47892005839309,
              31.5509809724059
            ],
            [
              74.44731349844204,
              31.550848260175123
            ]
          ]
        ]
      }
    },
    {
      "type": "Feature",
      "id": "ZONE-LHR-0050",
      "properties": {
        "zone_id": "ZONE-LHR-0050",
        "zone_name": "Zone 50 (R6C16)",
        "area_sqkm": 9.0,
        "road_density_km_per_sqkm": 3.511,
        "estimated_road_length_km": 31.6,
        "is_urban_core": false
      },
      "geometry": {
        "type": "Polygon",
        "coordinates": [
          [
            [
              74.47892005839309,
              31.5509809724059
            ],
            [
              74.47876954332492,
              31.57804714366474
            ],
            [
              74.51038543459336,
              31.57817217535347
            ],
            [
              74.51052682089731,
              31.55110587244353
            ],
            [
              74.47892005839309,
              31.5509809724059
            ]
          ]
        ]
      }
    },
    {
      "type": "Feature",
      "id": "ZONE-LHR-0051",
      "properties": {
        "zone_id": "ZONE-LHR-0051",
        "zone_name": "Zone 51 (R6C17)",
        "area_sqkm": 9.0,
        "road_density_km_per_sqkm": 2.734,
        "estimated_road_length_km": 24.61,
        "is_urban_core": false
      },
      "geometry": {
        "type": "Polygon",
        "coordinates": [
          [
            [
              74.51052682089731,
              31.55110587244353
            ],
            [
              74.51038543459336,
              31.57817217535347
            ],
            [
              74.54200151635801,
              31.57828938644582
            ],
            [
              74.54213377367061,
              31.551222960119105
            ],
            [
              74.51052682089731,
              31.55110587244353
            ]
          ]
        ]
      }
    },
    {
      "type": "Feature",
      "id": "ZONE-LHR-0052",
      "properties": {
        "zone_id": "ZONE-LHR-0052",
        "zone_name": "Zone 52 (R6C18)",
        "area_sqkm": 9.0,
        "road_density_km_per_sqkm": 2.128,
        "estimated_road_length_km": 19.15,
        "is_urban_core": false
      },
      "geometry": {
        "type": "Polygon",
        "coordinates": [
          [
            [
              74.54213377367061,
              31.551222960119105
            ],
            [
              74.54200151635801,
              31.57828938644582
            ],
            [
              74.57361777631965,
              31.578398776783235
            ],
            [
              74.57374090442843,
              31.5513322352743
            ],
            [
              74.54213377367061,
              31.551222960119105
            ]
          ]
        ]
      }
    },
    {
      "type": "Feature",
      "id": "ZONE-LHR-0053",
      "properties": {
        "zone_id": "ZONE-LHR-0053",
        "zone_name": "Zone 53 (R6C19)",
        "area_sqkm": 8.21,
        "road_density_km_per_sqkm": 1.67,
        "estimated_road_length_km": 13.71,
        "is_urban_core": false
      },
      "geometry": {
        "type": "Polygon",
        "coordinates": [
          [
            [
              74.60534820088583,
              31.551433697761333
            ],
            [
              74.57374090442843,
              31.5513322352743
            ],
            [
              74.57361777631965,
              31.578398776783235
            ],
            [
              74.58986759442594,
              31.57845195710328
            ],
            [
              74.5905395,
              31.5778652
            ],
            [
              74.5908395,
              31.5773104
            ],
            [
              74.5913742,
              31.57694339999999
            ],
            [
              74.5918682,
              31.576531999999997
            ],
            [
              74.5921431,
              31.575493199999993
            ],
            [
              74.5923354,
              31.574907900000003
            ],
            [
              74.5921303,
              31.574084100000004
            ],
            [
              74.592584,
              31.5739478
            ],
            [
              74.5940047,
              31.573654400000002
            ],
            [
              74.594919,
              31.5735276
            ],
            [
              74.5957555,
              31.5733406
            ],
            [
              74.5977783,
              31.573182600000003
            ],
            [
              74.5985952,
              31.5731605
            ],
            [
              74.5997133,
              31.573088499999987
            ],
            [
              74.6017071,
              31.572677199999998
            ],
            [
              74.6026687,
              31.5722234
            ],
            [
              74.6043866,
              31.571455600000004
            ],
            [
              74.6052658370868,
              31.570992952362502
            ],
            [
              74.60534820088583,
              31.551433697761333
            ]
          ]
        ]
      }
    },
    {
      "type": "Feature",
      "id": "ZONE-LHR-0054",
      "properties": {
        "zone_id": "ZONE-LHR-0054",
        "zone_name": "Zone 54 (R6C20)",
        "area_sqkm": 1.37,
        "road_density_km_per_sqkm": 1.5,
        "estimated_road_length_km": 2.06,
        "is_urban_core": false
      },
      "geometry": {
        "type": "Polygon",
        "coordinates": [
          [
            [
              74.60534820088583,
              31.551433697761333
            ],
            [
              74.6052658370868,
              31.570992952362502
            ],
            [
              74.606131,
              31.570537700000006
            ],
            [
              74.6069141,
              31.570080999999984
            ],
            [
              74.6072795,
              31.569934599999996
            ],
            [
              74.6082343,
              31.569410400000002
            ],
            [
              74.6086707,
              31.5691261
            ],
            [
              74.609214,
              31.569084599999993
            ],
            [
              74.6092571,
              31.568900499999998
            ],
            [
              74.6096277,
              31.568691100000002
            ],
            [
              74.6095715,
              31.5681468
            ],
            [
              74.609962,
              31.567692700000002
            ],
            [
              74.6108799,
              31.567461900000005
            ],
            [
              74.6108831,
              31.567074499999993
            ],
            [
              74.6115838,
              31.56697099999999
            ],
            [
              74.6117573,
              31.567671799999992
            ],
            [
              74.6118375,
              31.568296799999995
            ],
            [
              74.6128944,
              31.56811589999999
            ],
            [
              74.6131435,
              31.56879590000001
            ],
            [
              74.6158901,
              31.569039599999986
            ],
            [
              74.6158694,
              31.56809549999999
            ],
            [
              74.6150491,
              31.5680979
            ],
            [
              74.6147831,
              31.567365099999993
            ],
            [
              74.6139688,
              31.567455099999993
            ],
            [
              74.6135339,
              31.5669315
            ],
            [
              74.6121438,
              31.567419500000003
            ],
            [
              74.6117747,
              31.566790699999984
            ],
            [
              74.6116732,
              31.566559199999997
            ],
            [
              74.6115507,
              31.5663501
            ],
            [
              74.6099858,
              31.566744900000003
            ],
            [
              74.6097977,
              31.566459200000004
            ],
            [
              74.6089913,
              31.5667097
            ],
            [
              74.6088672,
              31.566356199999998
            ],
            [
              74.6087108,
              31.5659686
            ],
            [
              74.6086631,
              31.565697300000004
            ],
            [
              74.6086077,
              31.565461299999992
            ],
            [
              74.6084785,
              31.565109199999995
            ],
            [
              74.6081695,
              31.564889999999995
            ],
            [
              74.6077791,
              31.5646135
            ],
            [
              74.6072103,
              31.564061100000004
            ],
            [
              74.6069347,
              31.56371589999999
            ],
            [
              74.6069428,
              31.563395699999997
            ],
            [
              74.6068698,
              31.5632717
            ],
            [
              74.6069347,
              31.5630948
            ],
            [
              74.606929,
              31.5629852
            ],
            [
              74.6067131,
              31.562512000000005
            ],
            [
              74.6074906,
              31.5622067
            ],
            [
              74.6082693,
              31.5617668
            ],
            [
              74.6085597,
              31.561552799999998
            ],
            [
              74.6088071,
              31.5614294
            ],
            [
              74.6090293,
              31.561355
            ],
            [
              74.6092491,
              31.561283500000002
            ],
            [
              74.6094841,
              31.561122199999996
            ],
            [
              74.6100349,
              31.5605516
            ],
            [
              74.6102235,
              31.560396799999992
            ],
            [
              74.6106353,
              31.560351100000002
            ],
            [
              74.6112824,
              31.560113100000002
            ],
            [
              74.6109492,
              31.559142799999996
            ],
            [
              74.610938,
              31.558946999999993
            ],
            [
              74.6119635,
              31.558487100000004
            ],
            [
              74.6136534,
              31.5579027
            ],
            [
              74.6142369,
              31.557662
            ],
            [
              74.6152126,
              31.557534300000004
            ],
            [
              74.6161109,
              31.557498599999995
            ],
            [
              74.6165454,
              31.556849800000002
            ],
            [
              74.6168401,
              31.556095399999986
            ],
            [
              74.6169172,
              31.555353700000005
            ],
            [
              74.6169128,
              31.554848200000002
            ],
            [
              74.6170967,
              31.554332299999995
            ],
            [
              74.6170423,
              31.55313200000001
            ],
            [
              74.6181368,
              31.552715799999998
            ],
            [
              74.6185095,
              31.552627499999993
            ],
            [
              74.6187535,
              31.55155020000001
            ],
            [
              74.61867031732696,
              31.551474122428274
            ],
            [
              74.60534820088583,
              31.551433697761333
            ]
          ]
        ]
      }
    },
    {
      "type": "Feature",
      "id": "ZONE-LHR-0055",
      "properties": {
        "zone_id": "ZONE-LHR-0055",
        "zone_name": "Zone 55 (R7C7)",
        "area_sqkm": 4.42,
        "road_density_km_per_sqkm": 9.458,
        "estimated_road_length_km": 41.8,
        "is_urban_core": false
      },
      "geometry": {
        "type": "Polygon",
        "coordinates": [
          [
            [
              74.22607428202797,
              31.54970054955702
            ],
            [
              74.22629751646815,
              31.52263561179277
            ],
            [
              74.19887225073523,
              31.522466798687567
            ],
            [
              74.1995551,
              31.523254699999995
            ],
            [
              74.204512,
              31.528974299999998
            ],
            [
              74.2055818,
              31.530208599999998
            ],
            [
              74.2058187,
              31.530482099999993
            ],
            [
              74.2059058,
              31.530582499999998
            ],
            [
              74.2165525,
              31.54286740000001
            ],
            [
              74.2167542,
              31.543099999999992
            ],
            [
              74.2167541,
              31.543099999999992
            ],
            [
              74.2167713,
              31.5431199
            ],
            [
              74.2208632,
              31.54784139999999
            ],
            [
              74.22245545657393,
              31.54967859424664
            ],
            [
              74.22607428202797,
              31.54970054955702
            ]
          ]
        ]
      }
    },
    {
      "type": "Feature",
      "id": "ZONE-LHR-0056",
      "properties": {
        "zone_id": "ZONE-LHR-0056",
        "zone_name": "Zone 56 (R7C8)",
        "area_sqkm": 9.0,
        "road_density_km_per_sqkm": 10.769,
        "estimated_road_length_km": 96.92,
        "is_urban_core": true
      },
      "geometry": {
        "type": "Polygon",
        "coordinates": [
          [
            [
              74.22629751646815,
              31.52263561179277
            ],
            [
              74.22607428202797,
              31.54970054955702
            ],
            [
              74.25767908019664,
              31.549887941523497
            ],
            [
              74.25789320049674,
              31.522822806355194
            ],
            [
              74.22629751646815,
              31.52263561179277
            ]
          ]
        ]
      }
    },
    {
      "type": "Feature",
      "id": "ZONE-LHR-0057",
      "properties": {
        "zone_id": "ZONE-LHR-0057",
        "zone_name": "Zone 57 (R7C9)",
        "area_sqkm": 9.0,
        "road_density_km_per_sqkm": 9.133,
        "estimated_road_length_km": 82.2,
        "is_urban_core": true
      },
      "geometry": {
        "type": "Polygon",
        "coordinates": [
          [
            [
              74.25789320049674,
              31.522822806355194
            ],
            [
              74.25767908019664,
              31.549887941523497
            ],
            [
              74.28928416689193,
              31.55006752277482
            ],
            [
              74.28948917270823,
              31.523002198429772
            ],
            [
              74.25789320049674,
              31.522822806355194
            ]
          ]
        ]
      }
    },
    {
      "type": "Feature",
      "id": "ZONE-LHR-0058",
      "properties": {
        "zone_id": "ZONE-LHR-0058",
        "zone_name": "Zone 58 (R7C10)",
        "area_sqkm": 9.0,
        "road_density_km_per_sqkm": 10.947,
        "estimated_road_length_km": 98.52,
        "is_urban_core": true
      },
      "geometry": {
        "type": "Polygon",
        "coordinates": [
          [
            [
              74.28948917270823,
              31.523002198429772
            ],
            [
              74.28928416689193,
              31.55006752277482
            ],
            [
              74.32088952983376,
              31.550239293068184
            ],
            [
              74.32108542083718,
              31.523173787774034
            ],
            [
              74.28948917270823,
              31.523002198429772
            ]
          ]
        ]
      }
    },
    {
      "type": "Feature",
      "id": "ZONE-LHR-0059",
      "properties": {
        "zone_id": "ZONE-LHR-0059",
        "zone_name": "Zone 59 (R7C11)",
        "area_sqkm": 9.0,
        "road_density_km_per_sqkm": 14.376,
        "estimated_road_length_km": 129.38,
        "is_urban_core": true
      },
      "geometry": {
        "type": "Polygon",
        "coordinates": [
          [
            [
              74.32108542083718,
              31.523173787774034
            ],
            [
              74.32088952983376,
              31.550239293068184
            ],
            [
              74.35249515674134,
              31.55040325217132
            ],
            [
              74.35268193261747,
              31.52333757415606
            ],
            [
              74.32108542083718,
              31.523173787774034
            ]
          ]
        ]
      }
    },
    {
      "type": "Feature",
      "id": "ZONE-LHR-0060",
      "properties": {
        "zone_id": "ZONE-LHR-0060",
        "zone_name": "Zone 60 (R7C12)",
        "area_sqkm": 9.0,
        "road_density_km_per_sqkm": 12.531,
        "estimated_road_length_km": 112.78,
        "is_urban_core": true
      },
      "geometry": {
        "type": "Polygon",
        "coordinates": [
          [
            [
              74.35268193261747,
              31.52333757415606
            ],
            [
              74.35249515674134,
              31.55040325217132
            ],
            [
              74.38410103533334,
              31.55055939986253
            ],
            [
              74.38427869578233,
              31.523493557354442
            ],
            [
              74.35268193261747,
              31.52333757415606
            ]
          ]
        ]
      }
    },
    {
      "type": "Feature",
      "id": "ZONE-LHR-0061",
      "properties": {
        "zone_id": "ZONE-LHR-0061",
        "zone_name": "Zone 61 (R7C13)",
        "area_sqkm": 9.0,
        "road_density_km_per_sqkm": 10.68,
        "estimated_road_length_km": 96.12,
        "is_urban_core": true
      },
      "geometry": {
        "type": "Polygon",
        "coordinates": [
          [
            [
              74.38427869578233,
              31.523493557354442
            ],
            [
              74.38410103533334,
              31.55055939986253
            ],
            [
              74.41570715332776,
              31.550707735930654
            ],
            [
              74.4158756980644,
              31.523641737158375
            ],
            [
              74.38427869578233,
              31.523493557354442
            ]
          ]
        ]
      }
    },
    {
      "type": "Feature",
      "id": "ZONE-LHR-0062",
      "properties": {
        "zone_id": "ZONE-LHR-0062",
        "zone_name": "Zone 62 (R7C14)",
        "area_sqkm": 9.0,
        "road_density_km_per_sqkm": 9.146,
        "estimated_road_length_km": 82.31,
        "is_urban_core": false
      },
      "geometry": {
        "type": "Polygon",
        "coordinates": [
          [
            [
              74.4158756980644,
              31.523641737158375
            ],
            [
              74.41570715332776,
              31.550707735930654
            ],
            [
              74.44731349844204,
              31.550848260175123
            ],
            [
              74.44747292719579,
              31.523782113367517
            ],
            [
              74.4158756980644,
              31.523641737158375
            ]
          ]
        ]
      }
    },
    {
      "type": "Feature",
      "id": "ZONE-LHR-0063",
      "properties": {
        "zone_id": "ZONE-LHR-0063",
        "zone_name": "Zone 63 (R7C15)",
        "area_sqkm": 9.0,
        "road_density_km_per_sqkm": 4.421,
        "estimated_road_length_km": 39.79,
        "is_urban_core": false
      },
      "geometry": {
        "type": "Polygon",
        "coordinates": [
          [
            [
              74.44747292719579,
              31.523782113367517
            ],
            [
              74.44731349844204,
              31.550848260175123
            ],
            [
              74.47892005839309,
              31.5509809724059
            ],
            [
              74.47907037090802,
              31.523914685792153
            ],
            [
              74.44747292719579,
              31.523782113367517
            ]
          ]
        ]
      }
    },
    {
      "type": "Feature",
      "id": "ZONE-LHR-0064",
      "properties": {
        "zone_id": "ZONE-LHR-0064",
        "zone_name": "Zone 64 (R7C16)",
        "area_sqkm": 9.0,
        "road_density_km_per_sqkm": 3.454,
        "estimated_road_length_km": 31.09,
        "is_urban_core": false
      },
      "geometry": {
        "type": "Polygon",
        "coordinates": [
          [
            [
              74.47907037090802,
              31.523914685792153
            ],
            [
              74.47892005839309,
              31.5509809724059
            ],
            [
              74.51052682089731,
              31.55110587244353
            ],
            [
              74.5106680169321,
              31.524039454253067
            ],
            [
              74.47907037090802,
              31.523914685792153
            ]
          ]
        ]
      }
    },
    {
      "type": "Feature",
      "id": "ZONE-LHR-0065",
      "properties": {
        "zone_id": "ZONE-LHR-0065",
        "zone_name": "Zone 65 (R7C17)",
        "area_sqkm": 9.0,
        "road_density_km_per_sqkm": 2.697,
        "estimated_road_length_km": 24.27,
        "is_urban_core": false
      },
      "geometry": {
        "type": "Polygon",
        "coordinates": [
          [
            [
              74.5106680169321,
              31.524039454253067
            ],
            [
              74.51052682089731,
              31.55110587244353
            ],
            [
              74.54213377367061,
              31.551222960119105
            ],
            [
              74.5422658529986,
              31.524156418581608
            ],
            [
              74.5106680169321,
              31.524039454253067
            ]
          ]
        ]
      }
    },
    {
      "type": "Feature",
      "id": "ZONE-LHR-0066",
      "properties": {
        "zone_id": "ZONE-LHR-0066",
        "zone_name": "Zone 66 (R7C18)",
        "area_sqkm": 9.0,
        "road_density_km_per_sqkm": 2.104,
        "estimated_road_length_km": 18.94,
        "is_urban_core": false
      },
      "geometry": {
        "type": "Polygon",
        "coordinates": [
          [
            [
              74.5422658529986,
              31.524156418581608
            ],
            [
              74.54213377367061,
              31.551222960119105
            ],
            [
              74.57374090442843,
              31.5513322352743
            ],
            [
              74.57386386683757,
              31.52426557861963
            ],
            [
              74.5422658529986,
              31.524156418581608
            ]
          ]
        ]
      }
    },
    {
      "type": "Feature",
      "id": "ZONE-LHR-0067",
      "properties": {
        "zone_id": "ZONE-LHR-0067",
        "zone_name": "Zone 67 (R7C19)",
        "area_sqkm": 8.93,
        "road_density_km_per_sqkm": 1.641,
        "estimated_road_length_km": 14.65,
        "is_urban_core": false
      },
      "geometry": {
        "type": "Polygon",
        "coordinates": [
          [
            [
              74.57386386683757,
              31.52426557861963
            ],
            [
              74.57374090442843,
              31.5513322352743
            ],
            [
              74.60534820088583,
              31.551433697761333
            ],
            [
              74.60546085770575,
              31.524649683101675
            ],
            [
              74.6051844,
              31.524467199999993
            ],
            [
              74.60491351294569,
              31.524365241292305
            ],
            [
              74.6026190789241,
              31.52435813453014
            ],
            [
              74.6021074,
              31.524471400000003
            ],
            [
              74.6003772,
              31.5245219
            ],
            [
              74.5991181,
              31.524995699999995
            ],
            [
              74.5981348,
              31.525374600000003
            ],
            [
              74.5972628,
              31.525623500000002
            ],
            [
              74.596004,
              31.525978800000004
            ],
            [
              74.5952114,
              31.525504799999997
            ],
            [
              74.5946739,
              31.5250021
            ],
            [
              74.5942095,
              31.524591599999997
            ],
            [
              74.59390678481061,
              31.52433077432857
            ],
            [
              74.57386386683757,
              31.52426557861963
            ]
          ]
        ]
      }
    },
    {
      "type": "Feature",
      "id": "ZONE-LHR-0068",
      "properties": {
        "zone_id": "ZONE-LHR-0068",
        "zone_name": "Zone 68 (R7C20)",
        "area_sqkm": 2.18,
        "road_density_km_per_sqkm": 1.5,
        "estimated_road_length_km": 3.27,
        "is_urban_core": false
      },
      "geometry": {
        "type": "Polygon",
        "coordinates": [
          [
            [
              74.60534820088583,
              31.551433697761333
            ],
            [
              74.61867031732696,
              31.551474122428274
            ],
            [
              74.6182922,
              31.5511283
            ],
            [
              74.6170361,
              31.551208899999995
            ],
            [
              74.61692170000002,
              31.551329799999994
            ],
            [
              74.6154824,
              31.551421999999995
            ],
            [
              74.6143997,
              31.55110230000001
            ],
            [
              74.61440690000002,
              31.550156899999998
            ],
            [
              74.6144722,
              31.549738699999995
            ],
            [
              74.6146001,
              31.549185799999997
            ],
            [
              74.61456600000001,
              31.548307199999996
            ],
            [
              74.614453,
              31.547591400000005
            ],
            [
              74.6149603,
              31.546369699999996
            ],
            [
              74.6150492,
              31.545866799999995
            ],
            [
              74.6149848,
              31.544084700000006
            ],
            [
              74.6147471,
              31.543695800000005
            ],
            [
              74.614484,
              31.543767499999998
            ],
            [
              74.6142488,
              31.543302699999998
            ],
            [
              74.6137383,
              31.543201399999994
            ],
            [
              74.6129635,
              31.54338419999999
            ],
            [
              74.6128785,
              31.542711299999993
            ],
            [
              74.612909,
              31.542147699999994
            ],
            [
              74.6127394,
              31.5407086
            ],
            [
              74.6130587,
              31.540627699999995
            ],
            [
              74.6133557,
              31.539218799999993
            ],
            [
              74.6134186,
              31.538442799999995
            ],
            [
              74.6135294,
              31.537635100000006
            ],
            [
              74.6137042,
              31.537009299999998
            ],
            [
              74.6139804,
              31.536095399999986
            ],
            [
              74.614253,
              31.5353621
            ],
            [
              74.614266,
              31.53532709999999
            ],
            [
              74.6142751,
              31.535013700000004
            ],
            [
              74.6139435,
              31.534552
            ],
            [
              74.6137245,
              31.534146600000003
            ],
            [
              74.6133457,
              31.533580199999996
            ],
            [
              74.6132177,
              31.533180199999986
            ],
            [
              74.6127543,
              31.53157
            ],
            [
              74.6124986,
              31.531178
            ],
            [
              74.6123261,
              31.530848199999994
            ],
            [
              74.6122262,
              31.530426599999995
            ],
            [
              74.6122513,
              31.5299934
            ],
            [
              74.6128135,
              31.528219899999996
            ],
            [
              74.6129041,
              31.527408899999998
            ],
            [
              74.6128569,
              31.527254699999997
            ],
            [
              74.6127024,
              31.5271699
            ],
            [
              74.6119345,
              31.527064400000008
            ],
            [
              74.6108603,
              31.527151500000002
            ],
            [
              74.60992500000002,
              31.5270247
            ],
            [
              74.6085576,
              31.5265587
            ],
            [
              74.6080092,
              31.5262615
            ],
            [
              74.6069757,
              31.525529099999996
            ],
            [
              74.6060587,
              31.525044299999994
            ],
            [
              74.60546085770575,
              31.524649683101675
            ],
            [
              74.60534820088583,
              31.551433697761333
            ]
          ]
        ]
      }
    },
    {
      "type": "Feature",
      "id": "ZONE-LHR-0069",
      "properties": {
        "zone_id": "ZONE-LHR-0069",
        "zone_name": "Zone 69 (R8C6)",
        "area_sqkm": 2.21,
        "road_density_km_per_sqkm": 7.938,
        "estimated_road_length_km": 17.54,
        "is_urban_core": false
      },
      "geometry": {
        "type": "Polygon",
        "coordinates": [
          [
            [
              74.19493416839737,
              31.4953757666857
            ],
            [
              74.18397321579043,
              31.495306348932136
            ],
            [
              74.184346,
              31.499157999999998
            ],
            [
              74.1842028,
              31.50073330000001
            ],
            [
              74.1840535,
              31.5023745
            ],
            [
              74.1839573,
              31.503432699999987
            ],
            [
              74.1833785,
              31.509798000000007
            ],
            [
              74.1851635,
              31.511237499999993
            ],
            [
              74.188144,
              31.513641099999997
            ],
            [
              74.19473204149163,
              31.518954098525853
            ],
            [
              74.19493416839737,
              31.4953757666857
            ]
          ]
        ]
      }
    },
    {
      "type": "Feature",
      "id": "ZONE-LHR-0070",
      "properties": {
        "zone_id": "ZONE-LHR-0070",
        "zone_name": "Zone 70 (R8C7)",
        "area_sqkm": 8.92,
        "road_density_km_per_sqkm": 8.724,
        "estimated_road_length_km": 77.82,
        "is_urban_core": false
      },
      "geometry": {
        "type": "Polygon",
        "coordinates": [
          [
            [
              74.22629751646815,
              31.52263561179277
            ],
            [
              74.22652045046053,
              31.49557055796798
            ],
            [
              74.19493416839737,
              31.4953757666857
            ],
            [
              74.19473204149163,
              31.518954098525853
            ],
            [
              74.1964702,
              31.520355700000007
            ],
            [
              74.1983715,
              31.521888999999998
            ],
            [
              74.19887225073523,
              31.522466798687567
            ],
            [
              74.22629751646815,
              31.52263561179277
            ]
          ]
        ]
      }
    },
    {
      "type": "Feature",
      "id": "ZONE-LHR-0071",
      "properties": {
        "zone_id": "ZONE-LHR-0071",
        "zone_name": "Zone 71 (R8C8)",
        "area_sqkm": 9.0,
        "road_density_km_per_sqkm": 6.452,
        "estimated_road_length_km": 58.07,
        "is_urban_core": true
      },
      "geometry": {
        "type": "Polygon",
        "coordinates": [
          [
            [
              74.22652045046053,
              31.49557055796798
            ],
            [
              74.22629751646815,
              31.52263561179277
            ],
            [
              74.25789320049674,
              31.522822806355194
            ],
            [
              74.25810703261378,
              31.49575755523773
            ],
            [
              74.22652045046053,
              31.49557055796798
            ]
          ]
        ]
      }
    },
    {
      "type": "Feature",
      "id": "ZONE-LHR-0072",
      "properties": {
        "zone_id": "ZONE-LHR-0072",
        "zone_name": "Zone 72 (R8C9)",
        "area_sqkm": 9.0,
        "road_density_km_per_sqkm": 7.728,
        "estimated_road_length_km": 69.55,
        "is_urban_core": true
      },
      "geometry": {
        "type": "Polygon",
        "coordinates": [
          [
            [
              74.25810703261378,
              31.49575755523773
            ],
            [
              74.25789320049674,
              31.522822806355194
            ],
            [
              74.28948917270823,
              31.523002198429772
            ],
            [
              74.28969390260696,
              31.495936758242294
            ],
            [
              74.25810703261378,
              31.49575755523773
            ]
          ]
        ]
      }
    },
    {
      "type": "Feature",
      "id": "ZONE-LHR-0073",
      "properties": {
        "zone_id": "ZONE-LHR-0073",
        "zone_name": "Zone 73 (R8C10)",
        "area_sqkm": 9.0,
        "road_density_km_per_sqkm": 15.657,
        "estimated_road_length_km": 140.91,
        "is_urban_core": true
      },
      "geometry": {
        "type": "Polygon",
        "coordinates": [
          [
            [
              74.28969390260696,
              31.495936758242294
            ],
            [
              74.28948917270823,
              31.523002198429772
            ],
            [
              74.32108542083718,
              31.523173787774034
            ],
            [
              74.32128104818916,
              31.496108166739553
            ],
            [
              74.28969390260696,
              31.495936758242294
            ]
          ]
        ]
      }
    },
    {
      "type": "Feature",
      "id": "ZONE-LHR-0074",
      "properties": {
        "zone_id": "ZONE-LHR-0074",
        "zone_name": "Zone 74 (R8C11)",
        "area_sqkm": 9.0,
        "road_density_km_per_sqkm": 15.627,
        "estimated_road_length_km": 140.64,
        "is_urban_core": true
      },
      "geometry": {
        "type": "Polygon",
        "coordinates": [
          [
            [
              74.32128104818916,
              31.496108166739553
            ],
            [
              74.32108542083718,
              31.523173787774034
            ],
            [
              74.35268193261747,
              31.52333757415606
            ],
            [
              74.3528684571089,
              31.49627178049791
            ],
            [
              74.32128104818916,
              31.496108166739553
            ]
          ]
        ]
      }
    },
    {
      "type": "Feature",
      "id": "ZONE-LHR-0075",
      "properties": {
        "zone_id": "ZONE-LHR-0075",
        "zone_name": "Zone 75 (R8C12)",
        "area_sqkm": 9.0,
        "road_density_km_per_sqkm": 11.166,
        "estimated_road_length_km": 100.49,
        "is_urban_core": true
      },
      "geometry": {
        "type": "Polygon",
        "coordinates": [
          [
            [
              74.3528684571089,
              31.49627178049791
            ],
            [
              74.35268193261747,
              31.52333757415606
            ],
            [
              74.38427869578233,
              31.523493557354442
            ],
            [
              74.38445611711398,
              31.496427599296307
            ],
            [
              74.3528684571089,
              31.49627178049791
            ]
          ]
        ]
      }
    },
    {
      "type": "Feature",
      "id": "ZONE-LHR-0076",
      "properties": {
        "zone_id": "ZONE-LHR-0076",
        "zone_name": "Zone 76 (R8C13)",
        "area_sqkm": 9.0,
        "road_density_km_per_sqkm": 6.385,
        "estimated_road_length_km": 57.46,
        "is_urban_core": true
      },
      "geometry": {
        "type": "Polygon",
        "coordinates": [
          [
            [
              74.38445611711398,
              31.496427599296307
            ],
            [
              74.38427869578233,
              31.523493557354442
            ],
            [
              74.4158756980644,
              31.523641737158375
            ],
            [
              74.41604401595166,
              31.49657562292419
            ],
            [
              74.38445611711398,
              31.496427599296307
            ]
          ]
        ]
      }
    },
    {
      "type": "Feature",
      "id": "ZONE-LHR-0077",
      "properties": {
        "zone_id": "ZONE-LHR-0077",
        "zone_name": "Zone 77 (R8C14)",
        "area_sqkm": 9.0,
        "road_density_km_per_sqkm": 8.663,
        "estimated_road_length_km": 77.97,
        "is_urban_core": false
      },
      "geometry": {
        "type": "Polygon",
        "coordinates": [
          [
            [
              74.41604401595166,
              31.49657562292419
            ],
            [
              74.4158756980644,
              31.523641737158375
            ],
            [
              74.44747292719579,
              31.523782113367517
            ],
            [
              74.44763214136863,
              31.49671585118157
            ],
            [
              74.41604401595166,
              31.49657562292419
            ]
          ]
        ]
      }
    },
    {
      "type": "Feature",
      "id": "ZONE-LHR-0078",
      "properties": {
        "zone_id": "ZONE-LHR-0078",
        "zone_name": "Zone 78 (R8C15)",
        "area_sqkm": 9.0,
        "road_density_km_per_sqkm": 4.115,
        "estimated_road_length_km": 37.04,
        "is_urban_core": false
      },
      "geometry": {
        "type": "Polygon",
        "coordinates": [
          [
            [
              74.44763214136863,
              31.49671585118157
            ],
            [
              74.44747292719579,
              31.523782113367517
            ],
            [
              74.47907037090802,
              31.523914685792153
            ],
            [
              74.47922048111101,
              31.49684828387895
            ],
            [
              74.44763214136863,
              31.49671585118157
            ]
          ]
        ]
      }
    },
    {
      "type": "Feature",
      "id": "ZONE-LHR-0079",
      "properties": {
        "zone_id": "ZONE-LHR-0079",
        "zone_name": "Zone 79 (R8C16)",
        "area_sqkm": 9.0,
        "road_density_km_per_sqkm": 3.255,
        "estimated_road_length_km": 29.29,
        "is_urban_core": false
      },
      "geometry": {
        "type": "Polygon",
        "coordinates": [
          [
            [
              74.47922048111101,
              31.49684828387895
            ],
            [
              74.47907037090802,
              31.523914685792153
            ],
            [
              74.5106680169321,
              31.524039454253067
            ],
            [
              74.51080902292442,
              31.496972920837383
            ],
            [
              74.47922048111101,
              31.49684828387895
            ]
          ]
        ]
      }
    },
    {
      "type": "Feature",
      "id": "ZONE-LHR-0080",
      "properties": {
        "zone_id": "ZONE-LHR-0080",
        "zone_name": "Zone 80 (R8C17)",
        "area_sqkm": 9.0,
        "road_density_km_per_sqkm": 2.563,
        "estimated_road_length_km": 23.07,
        "is_urban_core": false
      },
      "geometry": {
        "type": "Polygon",
        "coordinates": [
          [
            [
              74.51080902292442,
              31.496972920837383
            ],
            [
              74.5106680169321,
              31.524039454253067
            ],
            [
              74.5422658529986,
              31.524156418581608
            ],
            [
              74.54239775455402,
              31.49708976188846
            ],
            [
              74.51080902292442,
              31.496972920837383
            ]
          ]
        ]
      }
    },
    {
      "type": "Feature",
      "id": "ZONE-LHR-0081",
      "properties": {
        "zone_id": "ZONE-LHR-0081",
        "zone_name": "Zone 81 (R8C18)",
        "area_sqkm": 9.0,
        "road_density_km_per_sqkm": 2.013,
        "estimated_road_length_km": 18.12,
        "is_urban_core": false
      },
      "geometry": {
        "type": "Polygon",
        "coordinates": [
          [
            [
              74.54239775455402,
              31.49708976188846
            ],
            [
              74.5422658529986,
              31.524156418581608
            ],
            [
              74.57386386683757,
              31.52426557861963
            ],
            [
              74.5739866637445,
              31.49719880687431
            ],
            [
              74.54239775455402,
              31.49708976188846
            ]
          ]
        ]
      }
    },
    {
      "type": "Feature",
      "id": "ZONE-LHR-0082",
      "properties": {
        "zone_id": "ZONE-LHR-0082",
        "zone_name": "Zone 82 (R8C19)",
        "area_sqkm": 3.19,
        "road_density_km_per_sqkm": 1.678,
        "estimated_road_length_km": 5.35,
        "is_urban_core": false
      },
      "geometry": {
        "type": "MultiPolygon",
        "coordinates": [
          [
            [
              [
                74.60557573824012,
                31.497300055647557
              ],
              [
                74.59431068494972,
                31.497264843535056
              ],
              [
                74.5945826,
                31.498094699999992
              ],
              [
                74.5942248,
                31.498217899999997
              ],
              [
                74.594436,
                31.498867599999997
              ],
              [
                74.5943,
                31.498951999999996
              ],
              [
                74.5943638,
                31.499666799999996
              ],
              [
                74.5944571,
                31.50065440000001
              ],
              [
                74.5948141,
                31.5015212
              ],
              [
                74.5957006,
                31.5012841
              ],
              [
                74.5962947,
                31.501165599999993
              ],
              [
                74.5974279,
                31.5010278
              ],
              [
                74.598103,
                31.50098910000001
              ],
              [
                74.5982106,
                31.500569799999994
              ],
              [
                74.5986891,
                31.500068500000005
              ],
              [
                74.5988085,
                31.499954600000002
              ],
              [
                74.5996261,
                31.499679300000004
              ],
              [
                74.6000093,
                31.499690199999996
              ],
              [
                74.6005353,
                31.499739300000005
              ],
              [
                74.6010073,
                31.499816699999997
              ],
              [
                74.6021282,
                31.500116600000005
              ],
              [
                74.6028597,
                31.500430499999997
              ],
              [
                74.6031286,
                31.50045679999999
              ],
              [
                74.6032462,
                31.500122999999995
              ],
              [
                74.6033252,
                31.500005
              ],
              [
                74.6034868,
                31.4998988
              ],
              [
                74.6038064,
                31.499819300000002
              ],
              [
                74.6041027,
                31.499002499999992
              ],
              [
                74.6041671,
                31.498654999999985
              ],
              [
                74.6055253,
                31.498404799999996
              ],
              [
                74.6055711090435,
                31.49840285159152
              ],
              [
                74.60557573824012,
                31.497300055647557
              ]
            ]
          ],
          [
            [
              [
                74.60491351294569,
                31.524365241292305
              ],
              [
                74.6038305,
                31.523957599999996
              ],
              [
                74.6027525,
                31.5243286
              ],
              [
                74.6026190789241,
                31.52435813453014
              ],
              [
                74.60491351294569,
                31.524365241292305
              ]
            ]
          ],
          [
            [
              [
                74.5739866637445,
                31.49719880687431
              ],
              [
                74.57386386683757,
                31.52426557861963
              ],
              [
                74.59390678481061,
                31.52433077432857
              ],
              [
                74.5934861,
                31.5239683
              ],
              [
                74.5932152,
                31.523598299999996
              ],
              [
                74.5930295,
                31.523505500000006
              ],
              [
                74.5929895,
                31.523420799999986
              ],
              [
                74.5925813,
                31.523261999999995
              ],
              [
                74.59232250000001,
                31.523119300000005
              ],
              [
                74.5921509,
                31.522998199999996
              ],
              [
                74.5919272,
                31.522883999999998
              ],
              [
                74.59115,
                31.52268220000001
              ],
              [
                74.590583,
                31.522421300000005
              ],
              [
                74.5893608,
                31.5222784
              ],
              [
                74.5892891,
                31.521805299999997
              ],
              [
                74.5890878,
                31.5217798
              ],
              [
                74.5889675,
                31.521418899999993
              ],
              [
                74.5879718,
                31.521447699999985
              ],
              [
                74.5869347,
                31.521510199999998
              ],
              [
                74.5867322,
                31.521521599999996
              ],
              [
                74.5863901,
                31.521460899999994
              ],
              [
                74.5859377,
                31.521308699999995
              ],
              [
                74.5847373,
                31.520780000000006
              ],
              [
                74.5842205,
                31.5207521
              ],
              [
                74.5836836,
                31.519056699999997
              ],
              [
                74.5834109,
                31.518238899999997
              ],
              [
                74.5829918,
                31.517217399999996
              ],
              [
                74.5827485,
                31.516406699999997
              ],
              [
                74.5827203,
                31.5156458
              ],
              [
                74.5827697,
                31.51535120000001
              ],
              [
                74.5830421,
                31.514953100000003
              ],
              [
                74.5828793,
                31.514083
              ],
              [
                74.582781,
                31.5137787
              ],
              [
                74.5825062,
                31.513143299999996
              ],
              [
                74.5823783,
                31.51288479999999
              ],
              [
                74.5821397,
                31.512581
              ],
              [
                74.5817341,
                31.512171799999997
              ],
              [
                74.580957,
                31.511833800000005
              ],
              [
                74.5806103,
                31.511614
              ],
              [
                74.58027210000002,
                31.511092700000003
              ],
              [
                74.5804994,
                31.510964
              ],
              [
                74.5808739,
                31.510995699999995
              ],
              [
                74.5812456,
                31.51105739999999
              ],
              [
                74.5820249,
                31.510860199999993
              ],
              [
                74.5820107,
                31.510528700000005
              ],
              [
                74.5824907,
                31.5104665
              ],
              [
                74.5834918,
                31.5104086
              ],
              [
                74.5834717,
                31.510335100000006
              ],
              [
                74.5836793,
                31.510359500000003
              ],
              [
                74.58378270000001,
                31.509742599999996
              ],
              [
                74.5837761,
                31.509140200000004
              ],
              [
                74.583304,
                31.5090845
              ],
              [
                74.5832194,
                31.508486899999998
              ],
              [
                74.5834217,
                31.507778
              ],
              [
                74.583926,
                31.507762399999997
              ],
              [
                74.58417610000001,
                31.50744769999999
              ],
              [
                74.5841171,
                31.5067493
              ],
              [
                74.5834043,
                31.506590300000003
              ],
              [
                74.58301,
                31.506854699999995
              ],
              [
                74.5829262,
                31.5071318
              ],
              [
                74.5825086,
                31.507791299999994
              ],
              [
                74.5819998,
                31.50799859999999
              ],
              [
                74.5810142,
                31.507999800000004
              ],
              [
                74.580121,
                31.507864099999992
              ],
              [
                74.5801452,
                31.5070028
              ],
              [
                74.5804427,
                31.506313099999993
              ],
              [
                74.5810212,
                31.506496
              ],
              [
                74.5811428,
                31.506783000000002
              ],
              [
                74.5820583,
                31.506521499999998
              ],
              [
                74.5824563,
                31.506359899999996
              ],
              [
                74.5830198,
                31.505988800000008
              ],
              [
                74.5835417,
                31.505789099999987
              ],
              [
                74.5840586,
                31.505668799999995
              ],
              [
                74.584685,
                31.505421700000007
              ],
              [
                74.5859964,
                31.504931099999993
              ],
              [
                74.5872873,
                31.504172099999998
              ],
              [
                74.5870226,
                31.503664199999992
              ],
              [
                74.5866603,
                31.502881799999994
              ],
              [
                74.5860574,
                31.501844599999995
              ],
              [
                74.5854752,
                31.501011399999992
              ],
              [
                74.5853159,
                31.500882200000003
              ],
              [
                74.5846402,
                31.500195599999987
              ],
              [
                74.5834684,
                31.50078579999999
              ],
              [
                74.5828795,
                31.500401699999994
              ],
              [
                74.5819707,
                31.500670000000003
              ],
              [
                74.5815576,
                31.500640299999986
              ],
              [
                74.5814166,
                31.49980659999999
              ],
              [
                74.5812338,
                31.498770300000004
              ],
              [
                74.5804959,
                31.498898400000005
              ],
              [
                74.5804435,
                31.4994029
              ],
              [
                74.5801197,
                31.4998719
              ],
              [
                74.579955,
                31.500453300000004
              ],
              [
                74.5794156,
                31.500486499999997
              ],
              [
                74.5790648,
                31.500565299999995
              ],
              [
                74.5788271,
                31.4997449
              ],
              [
                74.5784812,
                31.499801400000006
              ],
              [
                74.578432,
                31.499931200000002
              ],
              [
                74.5786572,
                31.5006796
              ],
              [
                74.5779704,
                31.500866999999992
              ],
              [
                74.5770116,
                31.5011733
              ],
              [
                74.5764459,
                31.5015302
              ],
              [
                74.5759323,
                31.501591199999996
              ],
              [
                74.5755684,
                31.501576399999994
              ],
              [
                74.5754143,
                31.501502699999996
              ],
              [
                74.575409,
                31.5011485
              ],
              [
                74.5753597,
                31.5009072
              ],
              [
                74.5756736,
                31.500642600000006
              ],
              [
                74.5759298,
                31.5004198
              ],
              [
                74.5765651,
                31.499887399999988
              ],
              [
                74.5773826,
                31.499236700000004
              ],
              [
                74.5775681,
                31.49905149999999
              ],
              [
                74.5781876,
                31.4983321
              ],
              [
                74.5786981,
                31.4984309
              ],
              [
                74.5798885,
                31.498455099999994
              ],
              [
                74.5800688,
                31.498445699999987
              ],
              [
                74.5802865,
                31.498377199999997
              ],
              [
                74.5807865,
                31.498050399999997
              ],
              [
                74.5812355,
                31.4978612
              ],
              [
                74.5816473,
                31.4977006
              ],
              [
                74.5820887,
                31.497625700000007
              ],
              [
                74.58261620979357,
                31.49722724019064
              ],
              [
                74.5739866637445,
                31.49719880687431
              ]
            ]
          ]
        ]
      }
    },
    {
      "type": "Feature",
      "id": "ZONE-LHR-0083",
      "properties": {
        "zone_id": "ZONE-LHR-0083",
        "zone_name": "Zone 83 (R9C6)",
        "area_sqkm": 4.16,
        "road_density_km_per_sqkm": 3.886,
        "estimated_road_length_km": 16.17,
        "is_urban_core": false
      },
      "geometry": {
        "type": "Polygon",
        "coordinates": [
          [
            [
              74.19493416839737,
              31.4953757666857
            ],
            [
              74.19516589156777,
              31.468310802256312
            ],
            [
              74.17953231450878,
              31.46821158238018
            ],
            [
              74.1788323,
              31.4696893
            ],
            [
              74.1763021,
              31.475030399999998
            ],
            [
              74.1756405,
              31.476427
            ],
            [
              74.182895,
              31.484165
            ],
            [
              74.1831028,
              31.486312000000005
            ],
            [
              74.1837184,
              31.492673299999996
            ],
            [
              74.1837184,
              31.4926734
            ],
            [
              74.18397321579043,
              31.495306348932136
            ],
            [
              74.19493416839737,
              31.4953757666857
            ]
          ]
        ]
      }
    },
    {
      "type": "Feature",
      "id": "ZONE-LHR-0084",
      "properties": {
        "zone_id": "ZONE-LHR-0084",
        "zone_name": "Zone 84 (R9C7)",
        "area_sqkm": 9.0,
        "road_density_km_per_sqkm": 4.54,
        "estimated_road_length_km": 40.86,
        "is_urban_core": false
      },
      "geometry": {
        "type": "Polygon",
        "coordinates": [
          [
            [
              74.19516589156777,
              31.468310802256312
            ],
            [
              74.19493416839737,
              31.4953757666857
            ],
            [
              74.22652045046053,
              31.49557055796798
            ],
            [
              74.22674308436268,
              31.468505388139437
            ],
            [
              74.19516589156777,
              31.468310802256312
            ]
          ]
        ]
      }
    },
    {
      "type": "Feature",
      "id": "ZONE-LHR-0085",
      "properties": {
        "zone_id": "ZONE-LHR-0085",
        "zone_name": "Zone 85 (R9C8)",
        "area_sqkm": 9.0,
        "road_density_km_per_sqkm": 5.433,
        "estimated_road_length_km": 48.9,
        "is_urban_core": false
      },
      "geometry": {
        "type": "Polygon",
        "coordinates": [
          [
            [
              74.22674308436268,
              31.468505388139437
            ],
            [
              74.22652045046053,
              31.49557055796798
            ],
            [
              74.25810703261378,
              31.49575755523773
            ],
            [
              74.25832057689081,
              31.468692188227703
            ],
            [
              74.22674308436268,
              31.468505388139437
            ]
          ]
        ]
      }
    },
    {
      "type": "Feature",
      "id": "ZONE-LHR-0086",
      "properties": {
        "zone_id": "ZONE-LHR-0086",
        "zone_name": "Zone 86 (R9C9)",
        "area_sqkm": 9.0,
        "road_density_km_per_sqkm": 9.756,
        "estimated_road_length_km": 87.8,
        "is_urban_core": true
      },
      "geometry": {
        "type": "Polygon",
        "coordinates": [
          [
            [
              74.25832057689081,
              31.468692188227703
            ],
            [
              74.25810703261378,
              31.49575755523773
            ],
            [
              74.28969390260696,
              31.495936758242294
            ],
            [
              74.28989835691652,
              31.468871202268815
            ],
            [
              74.25832057689081,
              31.468692188227703
            ]
          ]
        ]
      }
    },
    {
      "type": "Feature",
      "id": "ZONE-LHR-0087",
      "properties": {
        "zone_id": "ZONE-LHR-0087",
        "zone_name": "Zone 87 (R9C10)",
        "area_sqkm": 9.0,
        "road_density_km_per_sqkm": 13.774,
        "estimated_road_length_km": 123.97,
        "is_urban_core": true
      },
      "geometry": {
        "type": "Polygon",
        "coordinates": [
          [
            [
              74.28989835691652,
              31.468871202268815
            ],
            [
              74.28969390260696,
              31.495936758242294
            ],
            [
              74.32128104818916,
              31.496108166739553
            ],
            [
              74.32147641220354,
              31.46904243002099
            ],
            [
              74.28989835691652,
              31.468871202268815
            ]
          ]
        ]
      }
    },
    {
      "type": "Feature",
      "id": "ZONE-LHR-0088",
      "properties": {
        "zone_id": "ZONE-LHR-0088",
        "zone_name": "Zone 88 (R9C11)",
        "area_sqkm": 9.0,
        "road_density_km_per_sqkm": 6.759,
        "estimated_road_length_km": 60.83,
        "is_urban_core": true
      },
      "geometry": {
        "type": "Polygon",
        "coordinates": [
          [
            [
              74.32147641220354,
              31.46904243002099
            ],
            [
              74.32128104818916,
              31.496108166739553
            ],
            [
              74.3528684571089,
              31.49627178049791
            ],
            [
              74.35305473051487,
              31.46920587125299
            ],
            [
              74.32147641220354,
              31.46904243002099
            ]
          ]
        ]
      }
    },
    {
      "type": "Feature",
      "id": "ZONE-LHR-0089",
      "properties": {
        "zone_id": "ZONE-LHR-0089",
        "zone_name": "Zone 89 (R9C12)",
        "area_sqkm": 9.0,
        "road_density_km_per_sqkm": 6.218,
        "estimated_road_length_km": 55.96,
        "is_urban_core": true
      },
      "geometry": {
        "type": "Polygon",
        "coordinates": [
          [
            [
              74.35305473051487,
              31.46920587125299
            ],
            [
              74.3528684571089,
              31.49627178049791
            ],
            [
              74.38445611711398,
              31.496427599296307
            ],
            [
              74.38463329961293,
              31.46936152574405
            ],
            [
              74.35305473051487,
              31.46920587125299
            ]
          ]
        ]
      }
    },
    {
      "type": "Feature",
      "id": "ZONE-LHR-0090",
      "properties": {
        "zone_id": "ZONE-LHR-0090",
        "zone_name": "Zone 90 (R9C13)",
        "area_sqkm": 9.0,
        "road_density_km_per_sqkm": 5.387,
        "estimated_road_length_km": 48.48,
        "is_urban_core": false
      },
      "geometry": {
        "type": "Polygon",
        "coordinates": [
          [
            [
              74.38463329961293,
              31.46936152574405
            ],
            [
              74.38445611711398,
              31.496427599296307
            ],
            [
              74.41604401595166,
              31.49657562292419
            ],
            [
              74.41621210725955,
              31.469509393283925
            ],
            [
              74.38463329961293,
              31.46936152574405
            ]
          ]
        ]
      }
    },
    {
      "type": "Feature",
      "id": "ZONE-LHR-0091",
      "properties": {
        "zone_id": "ZONE-LHR-0091",
        "zone_name": "Zone 91 (R9C14)",
        "area_sqkm": 9.0,
        "road_density_km_per_sqkm": 7.995,
        "estimated_road_length_km": 71.95,
        "is_urban_core": false
      },
      "geometry": {
        "type": "Polygon",
        "coordinates": [
          [
            [
              74.41621210725955,
              31.469509393283925
            ],
            [
              74.41604401595166,
              31.49657562292419
            ],
            [
              74.44763214136863,
              31.49671585118157
            ],
            [
              74.44779114121596,
              31.469649473672916
            ],
            [
              74.41621210725955,
              31.469509393283925
            ]
          ]
        ]
      }
    },
    {
      "type": "Feature",
      "id": "ZONE-LHR-0092",
      "properties": {
        "zone_id": "ZONE-LHR-0092",
        "zone_name": "Zone 92 (R9C15)",
        "area_sqkm": 9.0,
        "road_density_km_per_sqkm": 3.667,
        "estimated_road_length_km": 33.0,
        "is_urban_core": false
      },
      "geometry": {
        "type": "Polygon",
        "coordinates": [
          [
            [
              74.44779114121596,
              31.469649473672916
            ],
            [
              74.44763214136863,
              31.49671585118157
            ],
            [
              74.47922048111101,
              31.49684828387895
            ],
            [
              74.47937038924287,
              31.469781766721802
            ],
            [
              74.44779114121596,
              31.469649473672916
            ]
          ]
        ]
      }
    },
    {
      "type": "Feature",
      "id": "ZONE-LHR-0093",
      "properties": {
        "zone_id": "ZONE-LHR-0093",
        "zone_name": "Zone 93 (R9C16)",
        "area_sqkm": 9.0,
        "road_density_km_per_sqkm": 2.951,
        "estimated_road_length_km": 26.56,
        "is_urban_core": false
      },
      "geometry": {
        "type": "Polygon",
        "coordinates": [
          [
            [
              74.47937038924287,
              31.469781766721802
            ],
            [
              74.47922048111101,
              31.49684828387895
            ],
            [
              74.51080902292442,
              31.496972920837383
            ],
            [
              74.51094983910049,
              31.469906272251887
            ],
            [
              74.47937038924287,
              31.469781766721802
            ]
          ]
        ]
      }
    },
    {
      "type": "Feature",
      "id": "ZONE-LHR-0094",
      "properties": {
        "zone_id": "ZONE-LHR-0094",
        "zone_name": "Zone 94 (R9C17)",
        "area_sqkm": 9.0,
        "road_density_km_per_sqkm": 2.355,
        "estimated_road_length_km": 21.2,
        "is_urban_core": false
      },
      "geometry": {
        "type": "Polygon",
        "coordinates": [
          [
            [
              74.51094983910049,
              31.469906272251887
            ],
            [
              74.51080902292442,
              31.496972920837383
            ],
            [
              74.54239775455402,
              31.49708976188846
            ],
            [
              74.5425294785485,
              31.47002299009501
            ],
            [
              74.51094983910049,
              31.469906272251887
            ]
          ]
        ]
      }
    },
    {
      "type": "Feature",
      "id": "ZONE-LHR-0095",
      "properties": {
        "zone_id": "ZONE-LHR-0095",
        "zone_name": "Zone 95 (R9C18)",
        "area_sqkm": 9.0,
        "road_density_km_per_sqkm": 1.868,
        "estimated_road_length_km": 16.81,
        "is_urban_core": false
      },
      "geometry": {
        "type": "Polygon",
        "coordinates": [
          [
            [
              74.5425294785485,
              31.47002299009501
            ],
            [
              74.54239775455402,
              31.49708976188846
            ],
            [
              74.5739866637445,
              31.49719880687431
            ],
            [
              74.57410929534622,
              31.470131920093507
            ],
            [
              74.5425294785485,
              31.47002299009501
            ]
          ]
        ]
      }
    },
    {
      "type": "Feature",
      "id": "ZONE-LHR-0096",
      "properties": {
        "zone_id": "ZONE-LHR-0096",
        "zone_name": "Zone 96 (R9C19)",
        "area_sqkm": 8.92,
        "road_density_km_per_sqkm": 1.5,
        "estimated_road_length_km": 13.38,
        "is_urban_core": false
      },
      "geometry": {
        "type": "Polygon",
        "coordinates": [
          [
            [
              74.60557573824012,
              31.497300055647557
            ],
            [
              74.60568927725245,
              31.47023306210025
            ],
            [
              74.57410929534622,
              31.470131920093507
            ],
            [
              74.5739866637445,
              31.49719880687431
            ],
            [
              74.58261620979357,
              31.49722724019064
            ],
            [
              74.5830906,
              31.4968689
            ],
            [
              74.5832689,
              31.496948800000002
            ],
            [
              74.5836392,
              31.496790399999995
            ],
            [
              74.5839435,
              31.496557600000006
            ],
            [
              74.5847295,
              31.496440800000002
            ],
            [
              74.5857974,
              31.496363600000002
            ],
            [
              74.586679,
              31.496352499999993
            ],
            [
              74.587417,
              31.496080399999993
            ],
            [
              74.5879598,
              31.496238700000006
            ],
            [
              74.5888576,
              31.496586799999996
            ],
            [
              74.5883806,
              31.497164500000004
            ],
            [
              74.5896544,
              31.496991500000007
            ],
            [
              74.5903592,
              31.496884700000006
            ],
            [
              74.5911445,
              31.4966773
            ],
            [
              74.5930735,
              31.496226299999993
            ],
            [
              74.5936164,
              31.49612999999999
            ],
            [
              74.59418190000001,
              31.496871799999997
            ],
            [
              74.59431068494972,
              31.497264843535056
            ],
            [
              74.60557573824012,
              31.497300055647557
            ]
          ]
        ]
      }
    },
    {
      "type": "Feature",
      "id": "ZONE-LHR-0097",
      "properties": {
        "zone_id": "ZONE-LHR-0097",
        "zone_name": "Zone 97 (R9C20)",
        "area_sqkm": 5.51,
        "road_density_km_per_sqkm": 1.5,
        "estimated_road_length_km": 8.27,
        "is_urban_core": false
      },
      "geometry": {
        "type": "Polygon",
        "coordinates": [
          [
            [
              74.63726941202566,
              31.4703264159786
            ],
            [
              74.60568927725245,
              31.47023306210025
            ],
            [
              74.60557573824012,
              31.497300055647557
            ],
            [
              74.61223532910914,
              31.49732040573608
            ],
            [
              74.6128192,
              31.496487499999997
            ],
            [
              74.613057,
              31.496058499999986
            ],
            [
              74.6132397,
              31.4956482
            ],
            [
              74.6136761,
              31.4944308
            ],
            [
              74.6137678,
              31.49401039999999
            ],
            [
              74.6137404,
              31.4934264
            ],
            [
              74.6137256,
              31.492708299999997
            ],
            [
              74.6136262,
              31.4919045
            ],
            [
              74.6137754,
              31.491358100000006
            ],
            [
              74.6139461,
              31.490761299999996
            ],
            [
              74.6141861,
              31.4899909
            ],
            [
              74.61433050000001,
              31.489530100000003
            ],
            [
              74.6145366,
              31.489111699999995
            ],
            [
              74.6150979,
              31.488324500000004
            ],
            [
              74.6154594,
              31.487875900000002
            ],
            [
              74.6165316,
              31.48665739999999
            ],
            [
              74.6172866,
              31.4859551
            ],
            [
              74.6179518,
              31.485648599999994
            ],
            [
              74.618735,
              31.485476999999996
            ],
            [
              74.6187451,
              31.485050800000003
            ],
            [
              74.6196232,
              31.485038499999995
            ],
            [
              74.6208172,
              31.485084
            ],
            [
              74.622264,
              31.485210700000003
            ],
            [
              74.62236440000001,
              31.48517949999999
            ],
            [
              74.62228160000001,
              31.484393299999997
            ],
            [
              74.6218109,
              31.48310110000001
            ],
            [
              74.6218405,
              31.482805700000004
            ],
            [
              74.6220127,
              31.4827383
            ],
            [
              74.6224764,
              31.4826406
            ],
            [
              74.6225659,
              31.482463499999998
            ],
            [
              74.6222814,
              31.481977100000005
            ],
            [
              74.622992,
              31.481610200000002
            ],
            [
              74.6230975,
              31.4822249
            ],
            [
              74.623362,
              31.482878299999996
            ],
            [
              74.6236479,
              31.483320499999994
            ],
            [
              74.6245543,
              31.483224999999997
            ],
            [
              74.6259456,
              31.4826564
            ],
            [
              74.6261757,
              31.483656899999996
            ],
            [
              74.6251562,
              31.483808999999994
            ],
            [
              74.6252286,
              31.484249500000004
            ],
            [
              74.6251866,
              31.484897700000005
            ],
            [
              74.6250875,
              31.4858546
            ],
            [
              74.6256469,
              31.485847599999996
            ],
            [
              74.6263023,
              31.4858025
            ],
            [
              74.6270559,
              31.485559700000003
            ],
            [
              74.6273299,
              31.485673200000004
            ],
            [
              74.627719,
              31.485929699999996
            ],
            [
              74.6284371,
              31.485432100000008
            ],
            [
              74.6290915,
              31.485949200000004
            ],
            [
              74.6298162,
              31.486413299999995
            ],
            [
              74.6304624,
              31.486062999999987
            ],
            [
              74.6307308,
              31.485968699999997
            ],
            [
              74.631074,
              31.485694899999995
            ],
            [
              74.632052,
              31.486493400000004
            ],
            [
              74.6323185,
              31.48647219999999
            ],
            [
              74.6325414,
              31.4859323
            ],
            [
              74.63299510000002,
              31.4857439
            ],
            [
              74.6332641,
              31.48559040000001
            ],
            [
              74.6335827,
              31.485436100000005
            ],
            [
              74.6340071,
              31.485423
            ],
            [
              74.634395,
              31.485427100000003
            ],
            [
              74.63474,
              31.4855367
            ],
            [
              74.6355348,
              31.485337900000008
            ],
            [
              74.6358367,
              31.485166300000003
            ],
            [
              74.6361247,
              31.484978499999997
            ],
            [
              74.6366854,
              31.484738999999994
            ],
            [
              74.6364833,
              31.484490899999994
            ],
            [
              74.6362803,
              31.48446560000001
            ],
            [
              74.6361595,
              31.4843259
            ],
            [
              74.6359115,
              31.484232700000003
            ],
            [
              74.6354878,
              31.484369299999994
            ],
            [
              74.635103,
              31.4846167
            ],
            [
              74.6347783,
              31.484365900000004
            ],
            [
              74.6346435,
              31.48416239999999
            ],
            [
              74.6342038,
              31.483711400000004
            ],
            [
              74.633892,
              31.482518899999995
            ],
            [
              74.6334088,
              31.482386699999985
            ],
            [
              74.6331268,
              31.482228299999996
            ],
            [
              74.6326877,
              31.482196299999995
            ],
            [
              74.6323482,
              31.482003399999986
            ],
            [
              74.6320228,
              31.48176399999999
            ],
            [
              74.6315564,
              31.481292900000007
            ],
            [
              74.6311187,
              31.481747000000002
            ],
            [
              74.6309322,
              31.481846999999995
            ],
            [
              74.6308875,
              31.482302900000008
            ],
            [
              74.6310614,
              31.483003900000003
            ],
            [
              74.6306427,
              31.483513900000005
            ],
            [
              74.6301179,
              31.483661699999992
            ],
            [
              74.6298117,
              31.4838229
            ],
            [
              74.6298487,
              31.4840771
            ],
            [
              74.62962150000001,
              31.484134400000002
            ],
            [
              74.6292628,
              31.483472800000012
            ],
            [
              74.6288756,
              31.4826166
            ],
            [
              74.6296091,
              31.482155
            ],
            [
              74.6289112,
              31.481108799999994
            ],
            [
              74.6279512,
              31.480027
            ],
            [
              74.6282314,
              31.479279099999992
            ],
            [
              74.6291197,
              31.478718099999995
            ],
            [
              74.6286893,
              31.478147000000014
            ],
            [
              74.6283364,
              31.4777966
            ],
            [
              74.6280336,
              31.477404399999994
            ],
            [
              74.6277733,
              31.476864100000014
            ],
            [
              74.6282673,
              31.476575799999996
            ],
            [
              74.6287331,
              31.476383900000005
            ],
            [
              74.62901670000001,
              31.4766985
            ],
            [
              74.6295455,
              31.477219099999996
            ],
            [
              74.6303892,
              31.476688699999986
            ],
            [
              74.6304992,
              31.476688500000005
            ],
            [
              74.6307863,
              31.4769234
            ],
            [
              74.6311416,
              31.476566
            ],
            [
              74.6316396,
              31.476808499999997
            ],
            [
              74.6320735,
              31.47684700000001
            ],
            [
              74.6323555,
              31.477067500000004
            ],
            [
              74.6322839,
              31.4775884
            ],
            [
              74.6324159,
              31.477741599999998
            ],
            [
              74.6325255,
              31.477874099999998
            ],
            [
              74.6326547,
              31.4778638
            ],
            [
              74.63284160000002,
              31.478060600000006
            ],
            [
              74.6340543,
              31.477713799999993
            ],
            [
              74.6345742,
              31.477615899999996
            ],
            [
              74.6346956,
              31.477892699999998
            ],
            [
              74.6354564,
              31.4777582
            ],
            [
              74.6363261,
              31.477671499999992
            ],
            [
              74.6362652,
              31.4773282
            ],
            [
              74.6360671,
              31.4770333
            ],
            [
              74.6366686,
              31.476660999999993
            ],
            [
              74.6364646,
              31.476316899999993
            ],
            [
              74.6369549,
              31.476046199999992
            ],
            [
              74.6368584,
              31.4759034
            ],
            [
              74.6372132,
              31.475433499999998
            ],
            [
              74.63724996982234,
              31.475367606450032
            ],
            [
              74.63726941202566,
              31.4703264159786
            ]
          ]
        ]
      }
    },
    {
      "type": "Feature",
      "id": "ZONE-LHR-0098",
      "properties": {
        "zone_id": "ZONE-LHR-0098",
        "zone_name": "Zone 98 (R10C4)",
        "area_sqkm": 3.0,
        "road_density_km_per_sqkm": 1.994,
        "estimated_road_length_km": 5.98,
        "is_urban_core": false
      },
      "geometry": {
        "type": "Polygon",
        "coordinates": [
          [
            [
              74.10069487394748,
              31.440615917151323
            ],
            [
              74.10064425868953,
              31.445915240756438
            ],
            [
              74.100676,
              31.445957000000003
            ],
            [
              74.1063475,
              31.454818300000003
            ],
            [
              74.1084144,
              31.458047799999992
            ],
            [
              74.1084145,
              31.458048
            ],
            [
              74.1084149,
              31.458047799999992
            ],
            [
              74.108415,
              31.458047999999994
            ],
            [
              74.121473,
              31.450309999999995
            ],
            [
              74.1252451,
              31.442293999999997
            ],
            [
              74.125342,
              31.44208799999999
            ],
            [
              74.12529706830944,
              31.440786261961605
            ],
            [
              74.10069487394748,
              31.440615917151323
            ]
          ]
        ]
      }
    },
    {
      "type": "Feature",
      "id": "ZONE-LHR-0099",
      "properties": {
        "zone_id": "ZONE-LHR-0099",
        "zone_name": "Zone 99 (R10C5)",
        "area_sqkm": 2.58,
        "road_density_km_per_sqkm": 2.632,
        "estimated_road_length_km": 6.79,
        "is_urban_core": false
      },
      "geometry": {
        "type": "Polygon",
        "coordinates": [
          [
            [
              74.16382949860575,
              31.441043563845405
            ],
            [
              74.14213420120984,
              31.440900118390825
            ],
            [
              74.1432365,
              31.444023
            ],
            [
              74.1451539,
              31.446625100000002
            ],
            [
              74.1500075,
              31.453211999999986
            ],
            [
              74.1620985,
              31.456114
            ],
            [
              74.16368700146793,
              31.457084822230577
            ],
            [
              74.16382949860575,
              31.441043563845405
            ]
          ]
        ]
      }
    },
    {
      "type": "Feature",
      "id": "ZONE-LHR-0100",
      "properties": {
        "zone_id": "ZONE-LHR-0100",
        "zone_name": "Zone 100 (R10C6)",
        "area_sqkm": 7.96,
        "road_density_km_per_sqkm": 3.191,
        "estimated_road_length_km": 25.4,
        "is_urban_core": false
      },
      "geometry": {
        "type": "Polygon",
        "coordinates": [
          [
            [
              74.19516589156777,
              31.468310802256312
            ],
            [
              74.19539730276992,
              31.441245721764414
            ],
            [
              74.16382949860575,
              31.441043563845405
            ],
            [
              74.16368700146793,
              31.457084822230577
            ],
            [
              74.1695276,
              31.460653999999998
            ],
            [
              74.170804,
              31.461433999999997
            ],
            [
              74.1751128,
              31.4641554
            ],
            [
              74.1799935,
              31.467237999999995
            ],
            [
              74.17953231450878,
              31.46821158238018
            ],
            [
              74.19516589156777,
              31.468310802256312
            ]
          ]
        ]
      }
    },
    {
      "type": "Feature",
      "id": "ZONE-LHR-0101",
      "properties": {
        "zone_id": "ZONE-LHR-0101",
        "zone_name": "Zone 101 (R10C7)",
        "area_sqkm": 9.0,
        "road_density_km_per_sqkm": 3.817,
        "estimated_road_length_km": 34.35,
        "is_urban_core": false
      },
      "geometry": {
        "type": "Polygon",
        "coordinates": [
          [
            [
              74.19539730276992,
              31.441245721764414
            ],
            [
              74.19516589156777,
              31.468310802256312
            ],
            [
              74.22674308436268,
              31.468505388139437
            ],
            [
              74.2269654185315,
              31.44144010236402
            ],
            [
              74.19539730276992,
              31.441245721764414
            ]
          ]
        ]
      }
    },
    {
      "type": "Feature",
      "id": "ZONE-LHR-0102",
      "properties": {
        "zone_id": "ZONE-LHR-0102",
        "zone_name": "Zone 102 (R10C8)",
        "area_sqkm": 9.0,
        "road_density_km_per_sqkm": 7.943,
        "estimated_road_length_km": 71.49,
        "is_urban_core": false
      },
      "geometry": {
        "type": "Polygon",
        "coordinates": [
          [
            [
              74.2269654185315,
              31.44144010236402
            ],
            [
              74.22674308436268,
              31.468505388139437
            ],
            [
              74.25832057689081,
              31.468692188227703
            ],
            [
              74.25853383367014,
              31.441626705381804
            ],
            [
              74.2269654185315,
              31.44144010236402
            ]
          ]
        ]
      }
    },
    {
      "type": "Feature",
      "id": "ZONE-LHR-0103",
      "properties": {
        "zone_id": "ZONE-LHR-0103",
        "zone_name": "Zone 103 (R10C9)",
        "area_sqkm": 9.0,
        "road_density_km_per_sqkm": 8.476,
        "estimated_road_length_km": 76.28,
        "is_urban_core": false
      },
      "geometry": {
        "type": "Polygon",
        "coordinates": [
          [
            [
              74.25853383367014,
              31.441626705381804
            ],
            [
              74.25832057689081,
              31.468692188227703
            ],
            [
              74.28989835691652,
              31.468871202268815
            ],
            [
              74.29010253596472,
              31.441805530565848
            ],
            [
              74.25853383367014,
              31.441626705381804
            ]
          ]
        ]
      }
    },
    {
      "type": "Feature",
      "id": "ZONE-LHR-0104",
      "properties": {
        "zone_id": "ZONE-LHR-0104",
        "zone_name": "Zone 104 (R10C10)",
        "area_sqkm": 9.0,
        "road_density_km_per_sqkm": 8.787,
        "estimated_road_length_km": 79.08,
        "is_urban_core": false
      },
      "geometry": {
        "type": "Polygon",
        "coordinates": [
          [
            [
              74.29010253596472,
              31.441805530565848
            ],
            [
              74.28989835691652,
              31.468871202268815
            ],
            [
              74.32147641220354,
              31.46904243002099
            ],
            [
              74.3216715131935,
              31.44197657767472
            ],
            [
              74.29010253596472,
              31.441805530565848
            ]
          ]
        ]
      }
    },
    {
      "type": "Feature",
      "id": "ZONE-LHR-0105",
      "properties": {
        "zone_id": "ZONE-LHR-0105",
        "zone_name": "Zone 105 (R10C11)",
        "area_sqkm": 9.0,
        "road_density_km_per_sqkm": 5.278,
        "estimated_road_length_km": 47.5,
        "is_urban_core": false
      },
      "geometry": {
        "type": "Polygon",
        "coordinates": [
          [
            [
              74.3216715131935,
              31.44197657767472
            ],
            [
              74.32147641220354,
              31.46904243002099
            ],
            [
              74.35305473051487,
              31.46920587125299
            ],
            [
              74.35324075313402,
              31.442139846477474
            ],
            [
              74.3216715131935,
              31.44197657767472
            ]
          ]
        ]
      }
    },
    {
      "type": "Feature",
      "id": "ZONE-LHR-0106",
      "properties": {
        "zone_id": "ZONE-LHR-0106",
        "zone_name": "Zone 106 (R10C12)",
        "area_sqkm": 9.0,
        "road_density_km_per_sqkm": 4.952,
        "estimated_road_length_km": 44.57,
        "is_urban_core": false
      },
      "geometry": {
        "type": "Polygon",
        "coordinates": [
          [
            [
              74.35324075313402,
              31.442139846477474
            ],
            [
              74.35305473051487,
              31.46920587125299
            ],
            [
              74.38463329961293,
              31.46936152574405
            ],
            [
              74.38481024356325,
              31.44229533675371
            ],
            [
              74.35324075313402,
              31.442139846477474
            ]
          ]
        ]
      }
    },
    {
      "type": "Feature",
      "id": "ZONE-LHR-0107",
      "properties": {
        "zone_id": "ZONE-LHR-0107",
        "zone_name": "Zone 107 (R10C13)",
        "area_sqkm": 9.0,
        "road_density_km_per_sqkm": 4.412,
        "estimated_road_length_km": 39.71,
        "is_urban_core": false
      },
      "geometry": {
        "type": "Polygon",
        "coordinates": [
          [
            [
              74.38481024356325,
              31.44229533675371
            ],
            [
              74.38463329961293,
              31.46936152574405
            ],
            [
              74.41621210725955,
              31.469509393283925
            ],
            [
              74.41637997225756,
              31.442443048293473
            ],
            [
              74.38481024356325,
              31.44229533675371
            ]
          ]
        ]
      }
    },
    {
      "type": "Feature",
      "id": "ZONE-LHR-0108",
      "properties": {
        "zone_id": "ZONE-LHR-0108",
        "zone_name": "Zone 108 (R10C14)",
        "area_sqkm": 9.0,
        "road_density_km_per_sqkm": 7.284,
        "estimated_road_length_km": 65.56,
        "is_urban_core": false
      },
      "geometry": {
        "type": "Polygon",
        "coordinates": [
          [
            [
              74.41637997225756,
              31.442443048293473
            ],
            [
              74.41621210725955,
              31.469509393283925
            ],
            [
              74.44779114121596,
              31.469649473672916
            ],
            [
              74.4479499269927,
              31.44258298089732
            ],
            [
              74.41637997225756,
              31.442443048293473
            ]
          ]
        ]
      }
    },
    {
      "type": "Feature",
      "id": "ZONE-LHR-0109",
      "properties": {
        "zone_id": "ZONE-LHR-0109",
        "zone_name": "Zone 109 (R10C15)",
        "area_sqkm": 9.0,
        "road_density_km_per_sqkm": 3.16,
        "estimated_road_length_km": 28.44,
        "is_urban_core": false
      },
      "geometry": {
        "type": "Polygon",
        "coordinates": [
          [
            [
              74.4479499269927,
              31.44258298089732
            ],
            [
              74.44779114121596,
              31.469649473672916
            ],
            [
              74.47937038924287,
              31.469781766721802
            ],
            [
              74.47952009554396,
              31.442715134376343
            ],
            [
              74.4479499269927,
              31.44258298089732
            ]
          ]
        ]
      }
    },
    {
      "type": "Feature",
      "id": "ZONE-LHR-0110",
      "properties": {
        "zone_id": "ZONE-LHR-0110",
        "zone_name": "Zone 110 (R10C16)",
        "area_sqkm": 9.0,
        "road_density_km_per_sqkm": 2.592,
        "estimated_road_length_km": 23.33,
        "is_urban_core": false
      },
      "geometry": {
        "type": "Polygon",
        "coordinates": [
          [
            [
              74.47952009554396,
              31.442715134376343
            ],
            [
              74.47937038924287,
              31.469781766721802
            ],
            [
              74.51094983910049,
              31.469906272251887
            ],
            [
              74.51109046568605,
              31.442839508552083
            ],
            [
              74.47952009554396,
              31.442715134376343
            ]
          ]
        ]
      }
    },
    {
      "type": "Feature",
      "id": "ZONE-LHR-0111",
      "properties": {
        "zone_id": "ZONE-LHR-0111",
        "zone_name": "Zone 111 (R10C17)",
        "area_sqkm": 9.0,
        "road_density_km_per_sqkm": 2.1,
        "estimated_road_length_km": 18.9,
        "is_urban_core": false
      },
      "geometry": {
        "type": "Polygon",
        "coordinates": [
          [
            [
              74.51109046568605,
              31.442839508552083
            ],
            [
              74.51094983910049,
              31.469906272251887
            ],
            [
              74.5425294785485,
              31.47002299009501
            ],
            [
              74.54266102519324,
              31.442956103256623
            ],
            [
              74.51109046568605,
              31.442839508552083
            ]
          ]
        ]
      }
    },
    {
      "type": "Feature",
      "id": "ZONE-LHR-0112",
      "properties": {
        "zone_id": "ZONE-LHR-0112",
        "zone_name": "Zone 112 (R10C18)",
        "area_sqkm": 9.0,
        "road_density_km_per_sqkm": 1.687,
        "estimated_road_length_km": 15.18,
        "is_urban_core": false
      },
      "geometry": {
        "type": "Polygon",
        "coordinates": [
          [
            [
              74.54266102519324,
              31.442956103256623
            ],
            [
              74.5425294785485,
              31.47002299009501
            ],
            [
              74.57410929534622,
              31.470131920093507
            ],
            [
              74.57423176183934,
              31.44306491833252
            ],
            [
              74.54266102519324,
              31.442956103256623
            ]
          ]
        ]
      }
    },
    {
      "type": "Feature",
      "id": "ZONE-LHR-0113",
      "properties": {
        "zone_id": "ZONE-LHR-0113",
        "zone_name": "Zone 113 (R10C19)",
        "area_sqkm": 9.0,
        "road_density_km_per_sqkm": 1.5,
        "estimated_road_length_km": 13.5,
        "is_urban_core": false
      },
      "geometry": {
        "type": "Polygon",
        "coordinates": [
          [
            [
              74.57423176183934,
              31.44306491833252
            ],
            [
              74.57410929534622,
              31.470131920093507
            ],
            [
              74.60568927725245,
              31.47023306210025
            ],
            [
              74.60580266339775,
              31.443165953632867
            ],
            [
              74.57423176183934,
              31.44306491833252
            ]
          ]
        ]
      }
    },
    {
      "type": "Feature",
      "id": "ZONE-LHR-0114",
      "properties": {
        "zone_id": "ZONE-LHR-0114",
        "zone_name": "Zone 114 (R10C20)",
        "area_sqkm": 9.0,
        "road_density_km_per_sqkm": 1.5,
        "estimated_road_length_km": 13.5,
        "is_urban_core": false
      },
      "geometry": {
        "type": "Polygon",
        "coordinates": [
          [
            [
              74.60580266339775,
              31.443165953632867
            ],
            [
              74.60568927725245,
              31.47023306210025
            ],
            [
              74.63726941202566,
              31.4703264159786
            ],
            [
              74.63737371764145,
              31.443259209021214
            ],
            [
              74.60580266339775,
              31.443165953632867
            ]
          ]
        ]
      }
    },
    {
      "type": "Feature",
      "id": "ZONE-LHR-0115",
      "properties": {
        "zone_id": "ZONE-LHR-0115",
        "zone_name": "Zone 115 (R10C21)",
        "area_sqkm": 2.68,
        "road_density_km_per_sqkm": 1.5,
        "estimated_road_length_km": 4.02,
        "is_urban_core": false
      },
      "geometry": {
        "type": "Polygon",
        "coordinates": [
          [
            [
              74.63737371764145,
              31.443259209021214
            ],
            [
              74.63726941202566,
              31.4703264159786
            ],
            [
              74.64174886792821,
              31.470339026938056
            ],
            [
              74.6421087,
              31.470067899999993
            ],
            [
              74.6428227,
              31.469697
            ],
            [
              74.6434916,
              31.4692484
            ],
            [
              74.643505,
              31.469090000000005
            ],
            [
              74.6441494,
              31.4689801
            ],
            [
              74.6441935,
              31.468830100000012
            ],
            [
              74.6450431,
              31.4681427
            ],
            [
              74.6454626,
              31.467631099999995
            ],
            [
              74.6458591,
              31.467018400000008
            ],
            [
              74.6462345,
              31.466821900000003
            ],
            [
              74.6468488,
              31.4662
            ],
            [
              74.6473001,
              31.466011000000012
            ],
            [
              74.6477739,
              31.4654882
            ],
            [
              74.648027,
              31.464987999999998
            ],
            [
              74.6482697,
              31.464316499999992
            ],
            [
              74.648525,
              31.463653299999994
            ],
            [
              74.6491731,
              31.4627176
            ],
            [
              74.6494329,
              31.4622615
            ],
            [
              74.6494886,
              31.462022599999994
            ],
            [
              74.6497375,
              31.46140859999999
            ],
            [
              74.6498496,
              31.461002700000012
            ],
            [
              74.6502306,
              31.4603643
            ],
            [
              74.6503901,
              31.459966
            ],
            [
              74.6510915,
              31.459066399999998
            ],
            [
              74.6515712,
              31.458379299999994
            ],
            [
              74.6522362,
              31.4572079
            ],
            [
              74.652518,
              31.45648169999999
            ],
            [
              74.6527917,
              31.456106
            ],
            [
              74.6532569,
              31.455222499999998
            ],
            [
              74.6532183,
              31.454928400000004
            ],
            [
              74.6532163,
              31.454402600000005
            ],
            [
              74.6529341,
              31.45444020000001
            ],
            [
              74.6526962,
              31.453832100000007
            ],
            [
              74.6520977,
              31.4530179
            ],
            [
              74.6513093,
              31.451897499999987
            ],
            [
              74.6502313,
              31.45199770000001
            ],
            [
              74.6492501,
              31.4518336
            ],
            [
              74.6486675,
              31.451787300000003
            ],
            [
              74.647739,
              31.45169170000001
            ],
            [
              74.6474038,
              31.451629500000003
            ],
            [
              74.6468238,
              31.451479299999992
            ],
            [
              74.6457427,
              31.45103810000001
            ],
            [
              74.6450439,
              31.450925400000006
            ],
            [
              74.6447363,
              31.450846900000002
            ],
            [
              74.644236,
              31.45067069999999
            ],
            [
              74.6437965,
              31.450450700000005
            ],
            [
              74.6428676,
              31.449931899999992
            ],
            [
              74.6414483,
              31.448985899999997
            ],
            [
              74.6406573,
              31.44837309999999
            ],
            [
              74.6402434,
              31.448018799999993
            ],
            [
              74.6398285,
              31.44747990000001
            ],
            [
              74.6395313,
              31.4468406
            ],
            [
              74.6392957,
              31.446398499999997
            ],
            [
              74.6390911,
              31.445927700000002
            ],
            [
              74.6387959,
              31.444982699999994
            ],
            [
              74.638629,
              31.444169200000008
            ],
            [
              74.63894098967258,
              31.44326363576232
            ],
            [
              74.63737371764145,
              31.443259209021214
            ]
          ]
        ]
      }
    },
    {
      "type": "Feature",
      "id": "ZONE-LHR-0116",
      "properties": {
        "zone_id": "ZONE-LHR-0116",
        "zone_name": "Zone 116 (R11C3)",
        "area_sqkm": 4.47,
        "road_density_km_per_sqkm": 1.54,
        "estimated_road_length_km": 6.88,
        "is_urban_core": false
      },
      "geometry": {
        "type": "Polygon",
        "coordinates": [
          [
            [
              74.10069487394748,
              31.440615917151323
            ],
            [
              74.10095316571315,
              31.41355138540505
            ],
            [
              74.07419537490685,
              31.41336089691173
            ],
            [
              74.0745595,
              31.416455000000003
            ],
            [
              74.075012,
              31.4168698
            ],
            [
              74.0802485,
              31.42167
            ],
            [
              74.0861665,
              31.427095
            ],
            [
              74.0886193,
              31.4302168
            ],
            [
              74.09148650000002,
              31.433866000000005
            ],
            [
              74.0948731,
              31.4383219
            ],
            [
              74.09659457634928,
              31.440587067456637
            ],
            [
              74.10069487394748,
              31.440615917151323
            ]
          ]
        ]
      }
    },
    {
      "type": "Feature",
      "id": "ZONE-LHR-0117",
      "properties": {
        "zone_id": "ZONE-LHR-0117",
        "zone_name": "Zone 117 (R11C4)",
        "area_sqkm": 7.63,
        "road_density_km_per_sqkm": 1.814,
        "estimated_road_length_km": 13.84,
        "is_urban_core": false
      },
      "geometry": {
        "type": "Polygon",
        "coordinates": [
          [
            [
              74.13251124636477,
              31.413768867342597
            ],
            [
              74.10095316571315,
              31.41355138540505
            ],
            [
              74.10069487394748,
              31.440615917151323
            ],
            [
              74.12529706830944,
              31.440786261961605
            ],
            [
              74.1251048,
              31.4352157
            ],
            [
              74.124858,
              31.428062999999998
            ],
            [
              74.1282436,
              31.4193579
            ],
            [
              74.12824380000002,
              31.419357500000004
            ],
            [
              74.13240238017909,
              31.425595619362436
            ],
            [
              74.13251124636477,
              31.413768867342597
            ]
          ]
        ]
      }
    },
    {
      "type": "Feature",
      "id": "ZONE-LHR-0118",
      "properties": {
        "zone_id": "ZONE-LHR-0118",
        "zone_name": "Zone 118 (R11C5)",
        "area_sqkm": 7.75,
        "road_density_km_per_sqkm": 2.252,
        "estimated_road_length_km": 17.45,
        "is_urban_core": false
      },
      "geometry": {
        "type": "Polygon",
        "coordinates": [
          [
            [
              74.16382949860575,
              31.441043563845405
            ],
            [
              74.16406966265335,
              31.413978580724308
            ],
            [
              74.13251124636477,
              31.413768867342597
            ],
            [
              74.13240238017909,
              31.425595619362436
            ],
            [
              74.13308,
              31.426612000000006
            ],
            [
              74.140334,
              31.426612
            ],
            [
              74.1403345,
              31.426612
            ],
            [
              74.1403345,
              31.435801000000005
            ],
            [
              74.14213420120984,
              31.440900118390825
            ],
            [
              74.16382949860575,
              31.441043563845405
            ]
          ]
        ]
      }
    },
    {
      "type": "Feature",
      "id": "ZONE-LHR-0119",
      "properties": {
        "zone_id": "ZONE-LHR-0119",
        "zone_name": "Zone 119 (R11C6)",
        "area_sqkm": 9.0,
        "road_density_km_per_sqkm": 2.68,
        "estimated_road_length_km": 24.12,
        "is_urban_core": false
      },
      "geometry": {
        "type": "Polygon",
        "coordinates": [
          [
            [
              74.16406966265335,
              31.413978580724308
            ],
            [
              74.16382949860575,
              31.441043563845405
            ],
            [
              74.19539730276992,
              31.441245721764414
            ],
            [
              74.19562840237452,
              31.414180525267195
            ],
            [
              74.16406966265335,
              31.413978580724308
            ]
          ]
        ]
      }
    },
    {
      "type": "Feature",
      "id": "ZONE-LHR-0120",
      "properties": {
        "zone_id": "ZONE-LHR-0120",
        "zone_name": "Zone 120 (R11C7)",
        "area_sqkm": 9.0,
        "road_density_km_per_sqkm": 10.139,
        "estimated_road_length_km": 91.25,
        "is_urban_core": false
      },
      "geometry": {
        "type": "Polygon",
        "coordinates": [
          [
            [
              74.19562840237452,
              31.414180525267195
            ],
            [
              74.19539730276992,
              31.441245721764414
            ],
            [
              74.2269654185315,
              31.44144010236402
            ],
            [
              74.22718745332315,
              31.41437470069872
            ],
            [
              74.19562840237452,
              31.414180525267195
            ]
          ]
        ]
      }
    },
    {
      "type": "Feature",
      "id": "ZONE-LHR-0121",
      "properties": {
        "zone_id": "ZONE-LHR-0121",
        "zone_name": "Zone 121 (R11C8)",
        "area_sqkm": 9.0,
        "road_density_km_per_sqkm": 10.575,
        "estimated_road_length_km": 95.17,
        "is_urban_core": false
      },
      "geometry": {
        "type": "Polygon",
        "coordinates": [
          [
            [
              74.22718745332315,
              31.41437470069872
            ],
            [
              74.2269654185315,
              31.44144010236402
            ],
            [
              74.25853383367014,
              31.441626705381804
            ],
            [
              74.25874680329338,
              31.414561106756857
            ],
            [
              74.22718745332315,
              31.41437470069872
            ]
          ]
        ]
      }
    },
    {
      "type": "Feature",
      "id": "ZONE-LHR-0122",
      "properties": {
        "zone_id": "ZONE-LHR-0122",
        "zone_name": "Zone 122 (R11C9)",
        "area_sqkm": 9.0,
        "road_density_km_per_sqkm": 10.925,
        "estimated_road_length_km": 98.33,
        "is_urban_core": false
      },
      "geometry": {
        "type": "Polygon",
        "coordinates": [
          [
            [
              74.25874680329338,
              31.414561106756857
            ],
            [
              74.25853383367014,
              31.441626705381804
            ],
            [
              74.29010253596472,
              31.441805530565848
            ],
            [
              74.29030644007861,
              31.414739743190037
            ],
            [
              74.25874680329338,
              31.414561106756857
            ]
          ]
        ]
      }
    },
    {
      "type": "Feature",
      "id": "ZONE-LHR-0123",
      "properties": {
        "zone_id": "ZONE-LHR-0123",
        "zone_name": "Zone 123 (R11C10)",
        "area_sqkm": 9.0,
        "road_density_km_per_sqkm": 11.122,
        "estimated_road_length_km": 100.1,
        "is_urban_core": false
      },
      "geometry": {
        "type": "Polygon",
        "coordinates": [
          [
            [
              74.29030644007861,
              31.414739743190037
            ],
            [
              74.29010253596472,
              31.441805530565848
            ],
            [
              74.3216715131935,
              31.44197657767472
            ],
            [
              74.32186635147157,
              31.414910609757182
            ],
            [
              74.29030644007861,
              31.414739743190037
            ]
          ]
        ]
      }
    },
    {
      "type": "Feature",
      "id": "ZONE-LHR-0124",
      "properties": {
        "zone_id": "ZONE-LHR-0124",
        "zone_name": "Zone 124 (R11C11)",
        "area_sqkm": 9.0,
        "road_density_km_per_sqkm": 7.617,
        "estimated_road_length_km": 68.55,
        "is_urban_core": false
      },
      "geometry": {
        "type": "Polygon",
        "coordinates": [
          [
            [
              74.32186635147157,
              31.414910609757182
            ],
            [
              74.3216715131935,
              31.44197657767472
            ],
            [
              74.35324075313402,
              31.442139846477474
            ],
            [
              74.35342652526435,
              31.41507370622769
            ],
            [
              74.32186635147157,
              31.414910609757182
            ]
          ]
        ]
      }
    },
    {
      "type": "Feature",
      "id": "ZONE-LHR-0125",
      "properties": {
        "zone_id": "ZONE-LHR-0125",
        "zone_name": "Zone 125 (R11C12)",
        "area_sqkm": 9.0,
        "road_density_km_per_sqkm": 7.411,
        "estimated_road_length_km": 66.7,
        "is_urban_core": false
      },
      "geometry": {
        "type": "Polygon",
        "coordinates": [
          [
            [
              74.35342652526435,
              31.41507370622769
            ],
            [
              74.35324075313402,
              31.442139846477474
            ],
            [
              74.38481024356325,
              31.44229533675371
            ],
            [
              74.38498694924841,
              31.415229032381443
            ],
            [
              74.35342652526435,
              31.41507370622769
            ]
          ]
        ]
      }
    },
    {
      "type": "Feature",
      "id": "ZONE-LHR-0126",
      "properties": {
        "zone_id": "ZONE-LHR-0126",
        "zone_name": "Zone 126 (R11C13)",
        "area_sqkm": 9.0,
        "road_density_km_per_sqkm": 7.054,
        "estimated_road_length_km": 63.49,
        "is_urban_core": false
      },
      "geometry": {
        "type": "Polygon",
        "coordinates": [
          [
            [
              74.38498694924841,
              31.415229032381443
            ],
            [
              74.38481024356325,
              31.44229533675371
            ],
            [
              74.41637997225756,
              31.442443048293473
            ],
            [
              74.41654761121463,
              31.41537658800883
            ],
            [
              74.38498694924841,
              31.415229032381443
            ]
          ]
        ]
      }
    },
    {
      "type": "Feature",
      "id": "ZONE-LHR-0127",
      "properties": {
        "zone_id": "ZONE-LHR-0127",
        "zone_name": "Zone 127 (R11C14)",
        "area_sqkm": 9.0,
        "road_density_km_per_sqkm": 6.615,
        "estimated_road_length_km": 59.54,
        "is_urban_core": false
      },
      "geometry": {
        "type": "Polygon",
        "coordinates": [
          [
            [
              74.41654761121463,
              31.41537658800883
            ],
            [
              74.41637997225756,
              31.442443048293473
            ],
            [
              74.4479499269927,
              31.44258298089732
            ],
            [
              74.44810849895327,
              31.41551637291067
            ],
            [
              74.41654761121463,
              31.41537658800883
            ]
          ]
        ]
      }
    },
    {
      "type": "Feature",
      "id": "ZONE-LHR-0128",
      "properties": {
        "zone_id": "ZONE-LHR-0128",
        "zone_name": "Zone 128 (R11C15)",
        "area_sqkm": 9.0,
        "road_density_km_per_sqkm": 2.657,
        "estimated_road_length_km": 23.91,
        "is_urban_core": false
      },
      "geometry": {
        "type": "Polygon",
        "coordinates": [
          [
            [
              74.44810849895327,
              31.41551637291067
            ],
            [
              74.4479499269927,
              31.44258298089732
            ],
            [
              74.47952009554396,
              31.442715134376343
            ],
            [
              74.47966960025413,
              31.415648386898322
            ],
            [
              74.44810849895327,
              31.41551637291067
            ]
          ]
        ]
      }
    },
    {
      "type": "Feature",
      "id": "ZONE-LHR-0129",
      "properties": {
        "zone_id": "ZONE-LHR-0129",
        "zone_name": "Zone 129 (R11C16)",
        "area_sqkm": 9.0,
        "road_density_km_per_sqkm": 2.22,
        "estimated_road_length_km": 19.98,
        "is_urban_core": false
      },
      "geometry": {
        "type": "Polygon",
        "coordinates": [
          [
            [
              74.47966960025413,
              31.415648386898322
            ],
            [
              74.47952009554396,
              31.442715134376343
            ],
            [
              74.51109046568605,
              31.442839508552083
            ],
            [
              74.51123090290645,
              31.415772629793597
            ],
            [
              74.47966960025413,
              31.415648386898322
            ]
          ]
        ]
      }
    },
    {
      "type": "Feature",
      "id": "ZONE-LHR-0130",
      "properties": {
        "zone_id": "ZONE-LHR-0130",
        "zone_name": "Zone 130 (R11C17)",
        "area_sqkm": 9.0,
        "road_density_km_per_sqkm": 1.828,
        "estimated_road_length_km": 16.45,
        "is_urban_core": false
      },
      "geometry": {
        "type": "Polygon",
        "coordinates": [
          [
            [
              74.51123090290645,
              31.415772629793597
            ],
            [
              74.51109046568605,
              31.442839508552083
            ],
            [
              74.54266102519324,
              31.442956103256623
            ],
            [
              74.54279239469899,
              31.4158891014288
            ],
            [
              74.51123090290645,
              31.415772629793597
            ]
          ]
        ]
      }
    },
    {
      "type": "Feature",
      "id": "ZONE-LHR-0131",
      "properties": {
        "zone_id": "ZONE-LHR-0131",
        "zone_name": "Zone 131 (R11C18)",
        "area_sqkm": 9.0,
        "road_density_km_per_sqkm": 1.5,
        "estimated_road_length_km": 13.5,
        "is_urban_core": false
      },
      "geometry": {
        "type": "Polygon",
        "coordinates": [
          [
            [
              74.54279239469899,
              31.4158891014288
            ],
            [
              74.54266102519324,
              31.442956103256623
            ],
            [
              74.57423176183934,
              31.44306491833252
            ],
            [
              74.5743540634201,
              31.41599780164675
            ],
            [
              74.54279239469899,
              31.4158891014288
            ]
          ]
        ]
      }
    },
    {
      "type": "Feature",
      "id": "ZONE-LHR-0132",
      "properties": {
        "zone_id": "ZONE-LHR-0132",
        "zone_name": "Zone 132 (R11C19)",
        "area_sqkm": 8.85,
        "road_density_km_per_sqkm": 1.5,
        "estimated_road_length_km": 13.27,
        "is_urban_core": false
      },
      "geometry": {
        "type": "Polygon",
        "coordinates": [
          [
            [
              74.5743540634201,
              31.41599780164675
            ],
            [
              74.57423176183934,
              31.44306491833252
            ],
            [
              74.60580266339775,
              31.443165953632867
            ],
            [
              74.6058990109969,
              31.420137433331302
            ],
            [
              74.6054513,
              31.420047100000012
            ],
            [
              74.60532980000002,
              31.419691199999995
            ],
            [
              74.6046777,
              31.419765000000005
            ],
            [
              74.6042166,
              31.419854400000006
            ],
            [
              74.6036278,
              31.420098199999995
            ],
            [
              74.6029158,
              31.4205128
            ],
            [
              74.6026701,
              31.420496699999998
            ],
            [
              74.6024707,
              31.4204446
            ],
            [
              74.6023788,
              31.419961200000007
            ],
            [
              74.6012549,
              31.419934100000003
            ],
            [
              74.6024989,
              31.418226299999986
            ],
            [
              74.6026887,
              31.417848599999996
            ],
            [
              74.6028545,
              31.4174116
            ],
            [
              74.602865,
              31.416993499999993
            ],
            [
              74.6027555,
              31.416826499999996
            ],
            [
              74.6027459,
              31.416345999999997
            ],
            [
              74.6027199794883,
              31.416088864027476
            ],
            [
              74.59729821604424,
              31.416071943964976
            ],
            [
              74.5966023,
              31.416208299999997
            ],
            [
              74.5965902722142,
              31.416069717708233
            ],
            [
              74.5743540634201,
              31.41599780164675
            ]
          ]
        ]
      }
    },
    {
      "type": "Feature",
      "id": "ZONE-LHR-0133",
      "properties": {
        "zone_id": "ZONE-LHR-0133",
        "zone_name": "Zone 133 (R11C20)",
        "area_sqkm": 6.58,
        "road_density_km_per_sqkm": 1.5,
        "estimated_road_length_km": 9.87,
        "is_urban_core": false
      },
      "geometry": {
        "type": "Polygon",
        "coordinates": [
          [
            [
              74.60580266339775,
              31.443165953632867
            ],
            [
              74.63737371764145,
              31.443259209021214
            ],
            [
              74.63746967688243,
              31.418325523448143
            ],
            [
              74.6366848,
              31.4183903
            ],
            [
              74.6358641,
              31.418797000000005
            ],
            [
              74.6354178,
              31.418784099999996
            ],
            [
              74.6343126,
              31.4187308
            ],
            [
              74.6336639,
              31.418690499999993
            ],
            [
              74.6333938,
              31.419191900000005
            ],
            [
              74.6329917,
              31.420492000000003
            ],
            [
              74.6327913,
              31.42094549999999
            ],
            [
              74.6327497,
              31.4212683
            ],
            [
              74.6326109,
              31.421726999999994
            ],
            [
              74.632452,
              31.421796400000005
            ],
            [
              74.6324217,
              31.421846500000008
            ],
            [
              74.6323991,
              31.422220899999992
            ],
            [
              74.6323424,
              31.422798599999993
            ],
            [
              74.6322441,
              31.423709499999998
            ],
            [
              74.6320964,
              31.424600500000004
            ],
            [
              74.6315688,
              31.424734499999985
            ],
            [
              74.6313558,
              31.425569700000008
            ],
            [
              74.6296894,
              31.425558
            ],
            [
              74.62888,
              31.426158299999997
            ],
            [
              74.6285713,
              31.426943899999998
            ],
            [
              74.6281911,
              31.4278106
            ],
            [
              74.6278608,
              31.42864820000001
            ],
            [
              74.6274957,
              31.429413799999995
            ],
            [
              74.6263206,
              31.429392799999988
            ],
            [
              74.6251587,
              31.42959769999999
            ],
            [
              74.6242398,
              31.429818299999997
            ],
            [
              74.6232833,
              31.429994999999998
            ],
            [
              74.6223777,
              31.4301357
            ],
            [
              74.6219042,
              31.428443899999998
            ],
            [
              74.6217483,
              31.427516500000007
            ],
            [
              74.6214796,
              31.426421099999992
            ],
            [
              74.621233,
              31.42535789999999
            ],
            [
              74.6211008,
              31.424605999999997
            ],
            [
              74.620951,
              31.424134900000002
            ],
            [
              74.6206107,
              31.42340099999999
            ],
            [
              74.6203389,
              31.4227945
            ],
            [
              74.6195652,
              31.421280799999998
            ],
            [
              74.6194233,
              31.420460499999994
            ],
            [
              74.6193186,
              31.4198396
            ],
            [
              74.6177114,
              31.420250999999986
            ],
            [
              74.6166849,
              31.42059040000001
            ],
            [
              74.6157811,
              31.420938100000004
            ],
            [
              74.6156807,
              31.4210931
            ],
            [
              74.61453830000002,
              31.421603299999994
            ],
            [
              74.6138584,
              31.4218206
            ],
            [
              74.6125129,
              31.4221996
            ],
            [
              74.6108404,
              31.4224625
            ],
            [
              74.6108742,
              31.4227625
            ],
            [
              74.6098985,
              31.423256100000003
            ],
            [
              74.6089786,
              31.423602100000007
            ],
            [
              74.6087798,
              31.422841400000003
            ],
            [
              74.6087732,
              31.422036200000004
            ],
            [
              74.6076615,
              31.421325899999996
            ],
            [
              74.6071542,
              31.4204801
            ],
            [
              74.606676,
              31.420294199999997
            ],
            [
              74.6058990109969,
              31.420137433331302
            ],
            [
              74.60580266339775,
              31.443165953632867
            ]
          ]
        ]
      }
    },
    {
      "type": "Feature",
      "id": "ZONE-LHR-0134",
      "properties": {
        "zone_id": "ZONE-LHR-0134",
        "zone_name": "Zone 134 (R11C21)",
        "area_sqkm": 2.52,
        "road_density_km_per_sqkm": 1.5,
        "estimated_road_length_km": 3.78,
        "is_urban_core": false
      },
      "geometry": {
        "type": "Polygon",
        "coordinates": [
          [
            [
              74.63737371764145,
              31.443259209021214
            ],
            [
              74.63894098967258,
              31.44326363576232
            ],
            [
              74.6394051,
              31.441916499999998
            ],
            [
              74.6393963,
              31.441495599999993
            ],
            [
              74.639468,
              31.4407409
            ],
            [
              74.6395039,
              31.440628700000005
            ],
            [
              74.6395843,
              31.4405561
            ],
            [
              74.6399907,
              31.440341999999994
            ],
            [
              74.6409818,
              31.440125500000004
            ],
            [
              74.6412004,
              31.439427200000004
            ],
            [
              74.6421893,
              31.439191899999997
            ],
            [
              74.6421789,
              31.438444900000007
            ],
            [
              74.64213850000002,
              31.43773
            ],
            [
              74.6430404,
              31.437524600000003
            ],
            [
              74.6429365,
              31.436613500000004
            ],
            [
              74.6439087,
              31.4360218
            ],
            [
              74.6443117,
              31.4357164
            ],
            [
              74.6453064,
              31.435230500000007
            ],
            [
              74.6457255,
              31.434888700000005
            ],
            [
              74.6459347,
              31.4349167
            ],
            [
              74.6460739,
              31.43384740000001
            ],
            [
              74.6469092,
              31.433867399999993
            ],
            [
              74.6471706,
              31.433308000000007
            ],
            [
              74.6475373,
              31.4333369
            ],
            [
              74.6477225,
              31.432355999999995
            ],
            [
              74.648227,
              31.4322234
            ],
            [
              74.6485401,
              31.431879400000007
            ],
            [
              74.6491928,
              31.4315057
            ],
            [
              74.6495038,
              31.431265899999993
            ],
            [
              74.650019,
              31.430875900000004
            ],
            [
              74.6502798,
              31.430683600000002
            ],
            [
              74.6513286,
              31.429822200000004
            ],
            [
              74.6520748,
              31.429217799999996
            ],
            [
              74.6528678,
              31.428418399999995
            ],
            [
              74.6533466,
              31.428139599999998
            ],
            [
              74.6540372,
              31.4277802
            ],
            [
              74.6541163,
              31.427720299999997
            ],
            [
              74.6539864,
              31.4275165
            ],
            [
              74.6541002,
              31.4271992
            ],
            [
              74.6544758,
              31.426950699999995
            ],
            [
              74.6546357,
              31.42623879999999
            ],
            [
              74.6546712,
              31.425909500000007
            ],
            [
              74.6536298,
              31.4253783
            ],
            [
              74.6519512,
              31.42643649999999
            ],
            [
              74.6511545,
              31.4257304
            ],
            [
              74.6507127,
              31.4254356
            ],
            [
              74.6503272,
              31.425121200000003
            ],
            [
              74.6497355,
              31.424471
            ],
            [
              74.6483019,
              31.423767500000004
            ],
            [
              74.6476867,
              31.423144399999998
            ],
            [
              74.6467522,
              31.421818599999998
            ],
            [
              74.646322,
              31.420895700000006
            ],
            [
              74.645519,
              31.420374500000005
            ],
            [
              74.6456671,
              31.418912199999998
            ],
            [
              74.645339,
              31.418258699999992
            ],
            [
              74.6450384,
              31.417918299999997
            ],
            [
              74.644666,
              31.417789299999995
            ],
            [
              74.6442579,
              31.417811799999996
            ],
            [
              74.64388,
              31.41730299999999
            ],
            [
              74.6437474,
              31.416624200000005
            ],
            [
              74.64355488810612,
              31.416208931569667
            ],
            [
              74.64201679059137,
              31.416204644867054
            ],
            [
              74.64196250000002,
              31.416236699999992
            ],
            [
              74.6406472,
              31.416744599999998
            ],
            [
              74.6401378,
              31.417144800000006
            ],
            [
              74.6397227,
              31.416742800000005
            ],
            [
              74.6392133,
              31.417028300000002
            ],
            [
              74.6386869,
              31.417691899999998
            ],
            [
              74.6376104,
              31.4179537
            ],
            [
              74.6375366,
              31.41832
            ],
            [
              74.63746967688243,
              31.418325523448143
            ],
            [
              74.63737371764145,
              31.443259209021214
            ]
          ]
        ]
      }
    },
    {
      "type": "Feature",
      "id": "ZONE-LHR-0135",
      "properties": {
        "zone_id": "ZONE-LHR-0135",
        "zone_name": "Zone 135 (R12C3)",
        "area_sqkm": 6.42,
        "road_density_km_per_sqkm": 1.5,
        "estimated_road_length_km": 9.63,
        "is_urban_core": false
      },
      "geometry": {
        "type": "Polygon",
        "coordinates": [
          [
            [
              74.10095316571315,
              31.41355138540505
            ],
            [
              74.10121110963819,
              31.38648673733732
            ],
            [
              74.07823105948526,
              31.386323606255964
            ],
            [
              74.0806472,
              31.390081700000007
            ],
            [
              74.0806476,
              31.390082199999995
            ],
            [
              74.0842325,
              31.395658499999996
            ],
            [
              74.0822975,
              31.4014619
            ],
            [
              74.0822971,
              31.401461799999996
            ],
            [
              74.082297,
              31.401462000000006
            ],
            [
              74.076494,
              31.400495000000003
            ],
            [
              74.073592,
              31.408232999999992
            ],
            [
              74.0736233,
              31.40849940000001
            ],
            [
              74.07419537490685,
              31.41336089691173
            ],
            [
              74.10095316571315,
              31.41355138540505
            ]
          ]
        ]
      }
    },
    {
      "type": "Feature",
      "id": "ZONE-LHR-0136",
      "properties": {
        "zone_id": "ZONE-LHR-0136",
        "zone_name": "Zone 136 (R12C4)",
        "area_sqkm": 9.0,
        "road_density_km_per_sqkm": 1.575,
        "estimated_road_length_km": 14.17,
        "is_urban_core": false
      },
      "geometry": {
        "type": "Polygon",
        "coordinates": [
          [
            [
              74.10121110963819,
              31.38648673733732
            ],
            [
              74.10095316571315,
              31.41355138540505
            ],
            [
              74.13251124636477,
              31.413768867342597
            ],
            [
              74.1327601388338,
              31.386703989612908
            ],
            [
              74.10121110963819,
              31.38648673733732
            ]
          ]
        ]
      }
    },
    {
      "type": "Feature",
      "id": "ZONE-LHR-0137",
      "properties": {
        "zone_id": "ZONE-LHR-0137",
        "zone_name": "Zone 137 (R12C5)",
        "area_sqkm": 9.0,
        "road_density_km_per_sqkm": 1.882,
        "estimated_road_length_km": 16.94,
        "is_urban_core": false
      },
      "geometry": {
        "type": "Polygon",
        "coordinates": [
          [
            [
              74.1327601388338,
              31.386703989612908
            ],
            [
              74.13251124636477,
              31.413768867342597
            ],
            [
              74.16406966265335,
              31.413978580724308
            ],
            [
              74.16430950326821,
              31.386913481535306
            ],
            [
              74.1327601388338,
              31.386703989612908
            ]
          ]
        ]
      }
    },
    {
      "type": "Feature",
      "id": "ZONE-LHR-0138",
      "properties": {
        "zone_id": "ZONE-LHR-0138",
        "zone_name": "Zone 138 (R12C6)",
        "area_sqkm": 9.0,
        "road_density_km_per_sqkm": 2.212,
        "estimated_road_length_km": 19.91,
        "is_urban_core": false
      },
      "geometry": {
        "type": "Polygon",
        "coordinates": [
          [
            [
              74.16430950326821,
              31.386913481535306
            ],
            [
              74.16406966265335,
              31.413978580724308
            ],
            [
              74.19562840237452,
              31.414180525267195
            ],
            [
              74.19585919075155,
              31.387115212821918
            ],
            [
              74.16430950326821,
              31.386913481535306
            ]
          ]
        ]
      }
    },
    {
      "type": "Feature",
      "id": "ZONE-LHR-0139",
      "properties": {
        "zone_id": "ZONE-LHR-0139",
        "zone_name": "Zone 139 (R12C7)",
        "area_sqkm": 9.0,
        "road_density_km_per_sqkm": 6.044,
        "estimated_road_length_km": 54.4,
        "is_urban_core": false
      },
      "geometry": {
        "type": "Polygon",
        "coordinates": [
          [
            [
              74.19585919075155,
              31.387115212821918
            ],
            [
              74.19562840237452,
              31.414180525267195
            ],
            [
              74.22718745332315,
              31.41437470069872
            ],
            [
              74.22740918909311,
              31.38730918320062
            ],
            [
              74.19585919075155,
              31.387115212821918
            ]
          ]
        ]
      }
    },
    {
      "type": "Feature",
      "id": "ZONE-LHR-0140",
      "properties": {
        "zone_id": "ZONE-LHR-0140",
        "zone_name": "Zone 140 (R12C8)",
        "area_sqkm": 9.0,
        "road_density_km_per_sqkm": 2.848,
        "estimated_road_length_km": 25.63,
        "is_urban_core": false
      },
      "geometry": {
        "type": "Polygon",
        "coordinates": [
          [
            [
              74.22740918909311,
              31.38730918320062
            ],
            [
              74.22718745332315,
              31.41437470069872
            ],
            [
              74.25874680329338,
              31.414561106756857
            ],
            [
              74.2589594861015,
              31.387495392409757
            ],
            [
              74.22740918909311,
              31.38730918320062
            ]
          ]
        ]
      }
    },
    {
      "type": "Feature",
      "id": "ZONE-LHR-0141",
      "properties": {
        "zone_id": "ZONE-LHR-0141",
        "zone_name": "Zone 141 (R12C9)",
        "area_sqkm": 9.0,
        "road_density_km_per_sqkm": 6.584,
        "estimated_road_length_km": 59.26,
        "is_urban_core": false
      },
      "geometry": {
        "type": "Polygon",
        "coordinates": [
          [
            [
              74.2589594861015,
              31.387495392409757
            ],
            [
              74.25874680329338,
              31.414561106756857
            ],
            [
              74.29030644007861,
              31.414739743190037
            ],
            [
              74.29051006958466,
              31.387673840198108
            ],
            [
              74.2589594861015,
              31.387495392409757
            ]
          ]
        ]
      }
    },
    {
      "type": "Feature",
      "id": "ZONE-LHR-0142",
      "properties": {
        "zone_id": "ZONE-LHR-0142",
        "zone_name": "Zone 142 (R12C10)",
        "area_sqkm": 9.0,
        "road_density_km_per_sqkm": 3.212,
        "estimated_road_length_km": 28.91,
        "is_urban_core": false
      },
      "geometry": {
        "type": "Polygon",
        "coordinates": [
          [
            [
              74.29051006958466,
              31.387673840198108
            ],
            [
              74.29030644007861,
              31.414739743190037
            ],
            [
              74.32186635147157,
              31.414910609757182
            ],
            [
              74.32206092734972,
              31.38784452632495
            ],
            [
              74.29051006958466,
              31.387673840198108
            ]
          ]
        ]
      }
    },
    {
      "type": "Feature",
      "id": "ZONE-LHR-0143",
      "properties": {
        "zone_id": "ZONE-LHR-0143",
        "zone_name": "Zone 143 (R12C11)",
        "area_sqkm": 9.0,
        "road_density_km_per_sqkm": 3.209,
        "estimated_road_length_km": 28.88,
        "is_urban_core": false
      },
      "geometry": {
        "type": "Polygon",
        "coordinates": [
          [
            [
              74.32206092734972,
              31.38784452632495
            ],
            [
              74.32186635147157,
              31.414910609757182
            ],
            [
              74.35342652526435,
              31.41507370622769
            ],
            [
              74.35361204720331,
              31.38800745056001
            ],
            [
              74.32206092734972,
              31.38784452632495
            ]
          ]
        ]
      }
    },
    {
      "type": "Feature",
      "id": "ZONE-LHR-0144",
      "properties": {
        "zone_id": "ZONE-LHR-0144",
        "zone_name": "Zone 144 (R12C12)",
        "area_sqkm": 9.0,
        "road_density_km_per_sqkm": 3.074,
        "estimated_road_length_km": 27.67,
        "is_urban_core": false
      },
      "geometry": {
        "type": "Polygon",
        "coordinates": [
          [
            [
              74.35361204720331,
              31.38800745056001
            ],
            [
              74.35342652526435,
              31.41507370622769
            ],
            [
              74.38498694924841,
              31.415229032381443
            ],
            [
              74.38516341695134,
              31.388162612683516
            ],
            [
              74.35361204720331,
              31.38800745056001
            ]
          ]
        ]
      }
    },
    {
      "type": "Feature",
      "id": "ZONE-LHR-0145",
      "properties": {
        "zone_id": "ZONE-LHR-0145",
        "zone_name": "Zone 145 (R12C13)",
        "area_sqkm": 9.0,
        "road_density_km_per_sqkm": 2.834,
        "estimated_road_length_km": 25.51,
        "is_urban_core": false
      },
      "geometry": {
        "type": "Polygon",
        "coordinates": [
          [
            [
              74.38516341695134,
              31.388162612683516
            ],
            [
              74.38498694924841,
              31.415229032381443
            ],
            [
              74.41654761121463,
              31.41537658800883
            ],
            [
              74.41671502439915,
              31.38831001248609
            ],
            [
              74.38516341695134,
              31.388162612683516
            ]
          ]
        ]
      }
    },
    {
      "type": "Feature",
      "id": "ZONE-LHR-0146",
      "properties": {
        "zone_id": "ZONE-LHR-0146",
        "zone_name": "Zone 146 (R12C14)",
        "area_sqkm": 9.0,
        "road_density_km_per_sqkm": 2.527,
        "estimated_road_length_km": 22.74,
        "is_urban_core": false
      },
      "geometry": {
        "type": "Polygon",
        "coordinates": [
          [
            [
              74.41671502439915,
              31.38831001248609
            ],
            [
              74.41654761121463,
              31.41537658800883
            ],
            [
              74.44810849895327,
              31.41551637291067
            ],
            [
              74.44826685735156,
              31.388449649768898
            ],
            [
              74.41671502439915,
              31.38831001248609
            ]
          ]
        ]
      }
    },
    {
      "type": "Feature",
      "id": "ZONE-LHR-0147",
      "properties": {
        "zone_id": "ZONE-LHR-0147",
        "zone_name": "Zone 147 (R12C15)",
        "area_sqkm": 9.0,
        "road_density_km_per_sqkm": 2.195,
        "estimated_road_length_km": 19.75,
        "is_urban_core": false
      },
      "geometry": {
        "type": "Polygon",
        "coordinates": [
          [
            [
              74.44826685735156,
              31.388449649768898
            ],
            [
              74.44810849895327,
              31.41551637291067
            ],
            [
              74.47966960025413,
              31.415648386898322
            ],
            [
              74.47981890361277,
              31.388581524343554
            ],
            [
              74.44826685735156,
              31.388449649768898
            ]
          ]
        ]
      }
    },
    {
      "type": "Feature",
      "id": "ZONE-LHR-0148",
      "properties": {
        "zone_id": "ZONE-LHR-0148",
        "zone_name": "Zone 148 (R12C16)",
        "area_sqkm": 9.0,
        "road_density_km_per_sqkm": 1.866,
        "estimated_road_length_km": 16.79,
        "is_urban_core": false
      },
      "geometry": {
        "type": "Polygon",
        "coordinates": [
          [
            [
              74.47981890361277,
              31.388581524343554
            ],
            [
              74.47966960025413,
              31.415648386898322
            ],
            [
              74.51123090290645,
              31.415772629793597
            ],
            [
              74.51137115098652,
              31.38870563603212
            ],
            [
              74.47981890361277,
              31.388581524343554
            ]
          ]
        ]
      }
    },
    {
      "type": "Feature",
      "id": "ZONE-LHR-0149",
      "properties": {
        "zone_id": "ZONE-LHR-0149",
        "zone_name": "Zone 149 (R12C17)",
        "area_sqkm": 9.0,
        "road_density_km_per_sqkm": 1.56,
        "estimated_road_length_km": 14.04,
        "is_urban_core": false
      },
      "geometry": {
        "type": "Polygon",
        "coordinates": [
          [
            [
              74.51137115098652,
              31.38870563603212
            ],
            [
              74.51123090290645,
              31.415772629793597
            ],
            [
              74.54279239469899,
              31.4158891014288
            ],
            [
              74.54292358727612,
              31.388821984667157
            ],
            [
              74.51137115098652,
              31.38870563603212
            ]
          ]
        ]
      }
    },
    {
      "type": "Feature",
      "id": "ZONE-LHR-0150",
      "properties": {
        "zone_id": "ZONE-LHR-0150",
        "zone_name": "Zone 150 (R12C18)",
        "area_sqkm": 9.0,
        "road_density_km_per_sqkm": 1.5,
        "estimated_road_length_km": 13.5,
        "is_urban_core": false
      },
      "geometry": {
        "type": "Polygon",
        "coordinates": [
          [
            [
              74.54292358727612,
              31.388821984667157
            ],
            [
              74.54279239469899,
              31.4158891014288
            ],
            [
              74.5743540634201,
              31.41599780164675
            ],
            [
              74.57447620028434,
              31.38893057009168
            ],
            [
              74.54292358727612,
              31.388821984667157
            ]
          ]
        ]
      }
    },
    {
      "type": "Feature",
      "id": "ZONE-LHR-0151",
      "properties": {
        "zone_id": "ZONE-LHR-0151",
        "zone_name": "Zone 151 (R12C19)",
        "area_sqkm": 4.71,
        "road_density_km_per_sqkm": 1.5,
        "estimated_road_length_km": 7.06,
        "is_urban_core": false
      },
      "geometry": {
        "type": "MultiPolygon",
        "coordinates": [
          [
            [
              [
                74.6027199794883,
                31.416088864027476
              ],
              [
                74.6026732,
                31.415624799999993
              ],
              [
                74.6023143,
                31.415591600000003
              ],
              [
                74.6016453,
                31.41556
              ],
              [
                74.6003168,
                31.415512699999997
              ],
              [
                74.5996099,
                31.4157739
              ],
              [
                74.5994115,
                31.4158288
              ],
              [
                74.5974837,
                31.4160356
              ],
              [
                74.59729821604424,
                31.416071943964976
              ],
              [
                74.6027199794883,
                31.416088864027476
              ]
            ]
          ],
          [
            [
              [
                74.57447620028434,
                31.38893057009168
              ],
              [
                74.5743540634201,
                31.41599780164675
              ],
              [
                74.5965902722142,
                31.416069717708233
              ],
              [
                74.5965316,
                31.4153937
              ],
              [
                74.5964154,
                31.414330699999994
              ],
              [
                74.5962651,
                31.413490300000003
              ],
              [
                74.5960997,
                31.413147099999996
              ],
              [
                74.5958234,
                31.412558399999998
              ],
              [
                74.59552450000001,
                31.4124972
              ],
              [
                74.5947874,
                31.411460099999992
              ],
              [
                74.5944429,
                31.411081100000004
              ],
              [
                74.5942961,
                31.4108104
              ],
              [
                74.5941173,
                31.410222999999995
              ],
              [
                74.5942354,
                31.409462
              ],
              [
                74.5942098,
                31.408724299999992
              ],
              [
                74.594104,
                31.40775560000001
              ],
              [
                74.5933624,
                31.4068997
              ],
              [
                74.5928325,
                31.406253799999995
              ],
              [
                74.5923371,
                31.405573400000005
              ],
              [
                74.5922075,
                31.405306200000002
              ],
              [
                74.59167070000001,
                31.403675000000003
              ],
              [
                74.5912873,
                31.402896200000004
              ],
              [
                74.5910162,
                31.401845899999998
              ],
              [
                74.5907492,
                31.401356500000002
              ],
              [
                74.5905487,
                31.400863399999995
              ],
              [
                74.5901849,
                31.4008845
              ],
              [
                74.5888182,
                31.39955380000001
              ],
              [
                74.5885967,
                31.3993739
              ],
              [
                74.5878493,
                31.39852279999999
              ],
              [
                74.5875009,
                31.398228300000003
              ],
              [
                74.5872659,
                31.39803669999999
              ],
              [
                74.5870802,
                31.397645800000003
              ],
              [
                74.5868417,
                31.396681799999996
              ],
              [
                74.5867646,
                31.395758199999996
              ],
              [
                74.5865867,
                31.394918800000003
              ],
              [
                74.5866862,
                31.3944568
              ],
              [
                74.5867353,
                31.393470599999986
              ],
              [
                74.5865879,
                31.3919149
              ],
              [
                74.5865114,
                31.391395599999996
              ],
              [
                74.58646,
                31.390968099999984
              ],
              [
                74.5864558,
                31.390278200000008
              ],
              [
                74.58621885157027,
                31.38896899898274
              ],
              [
                74.57447620028434,
                31.38893057009168
              ]
            ]
          ]
        ]
      }
    },
    {
      "type": "Feature",
      "id": "ZONE-LHR-0152",
      "properties": {
        "zone_id": "ZONE-LHR-0152",
        "zone_name": "Zone 152 (R13C1)",
        "area_sqkm": 2.43,
        "road_density_km_per_sqkm": 1.5,
        "estimated_road_length_km": 3.65,
        "is_urban_core": false
      },
      "geometry": {
        "type": "Polygon",
        "coordinates": [
          [
            [
              74.0383897794998,
              31.35896467223674
            ],
            [
              74.00693395849446,
              31.35872503804045
            ],
            [
              74.006849,
              31.358901999999993
            ],
            [
              74.014104,
              31.368090999999996
            ],
            [
              74.0141476,
              31.368090999999986
            ],
            [
              74.023686,
              31.368090999999993
            ],
            [
              74.02426,
              31.368090999999996
            ],
            [
              74.0242605,
              31.368090999999993
            ],
            [
              74.024261,
              31.368090999999993
            ],
            [
              74.0307251,
              31.366280799999995
            ],
            [
              74.0315249,
              31.366056800000006
            ],
            [
              74.036352,
              31.364705000000004
            ],
            [
              74.03833133942719,
              31.36470508548172
            ],
            [
              74.0383897794998,
              31.35896467223674
            ]
          ]
        ]
      }
    },
    {
      "type": "Feature",
      "id": "ZONE-LHR-0153",
      "properties": {
        "zone_id": "ZONE-LHR-0153",
        "zone_name": "Zone 153 (R13C2)",
        "area_sqkm": 2.77,
        "road_density_km_per_sqkm": 1.5,
        "estimated_road_length_km": 4.16,
        "is_urban_core": false
      },
      "geometry": {
        "type": "Polygon",
        "coordinates": [
          [
            [
              74.06992906322252,
              31.35919719840117
            ],
            [
              74.0383897794998,
              31.35896467223674
            ],
            [
              74.03833133942719,
              31.36470508548172
            ],
            [
              74.04941,
              31.364704999999994
            ],
            [
              74.0553317,
              31.367806799999993
            ],
            [
              74.0595665,
              31.370025
            ],
            [
              74.0680462,
              31.370631100000008
            ],
            [
              74.0685208,
              31.3706651
            ],
            [
              74.06981521579011,
              31.370757633535653
            ],
            [
              74.06992906322252,
              31.35919719840117
            ]
          ]
        ]
      }
    },
    {
      "type": "Feature",
      "id": "ZONE-LHR-0154",
      "properties": {
        "zone_id": "ZONE-LHR-0154",
        "zone_name": "Zone 154 (R13C3)",
        "area_sqkm": 8.15,
        "road_density_km_per_sqkm": 1.5,
        "estimated_road_length_km": 12.23,
        "is_urban_core": false
      },
      "geometry": {
        "type": "Polygon",
        "coordinates": [
          [
            [
              74.10121110963819,
              31.38648673733732
            ],
            [
              74.10146870613518,
              31.359421973006157
            ],
            [
              74.06992906322252,
              31.35919719840117
            ],
            [
              74.06981521579011,
              31.370757633535653
            ],
            [
              74.0731085,
              31.37099299999999
            ],
            [
              74.0754342,
              31.381692100000002
            ],
            [
              74.0755265,
              31.3821165
            ],
            [
              74.07823105948526,
              31.386323606255964
            ],
            [
              74.10121110963819,
              31.38648673733732
            ]
          ]
        ]
      }
    },
    {
      "type": "Feature",
      "id": "ZONE-LHR-0155",
      "properties": {
        "zone_id": "ZONE-LHR-0155",
        "zone_name": "Zone 155 (R13C4)",
        "area_sqkm": 9.0,
        "road_density_km_per_sqkm": 1.5,
        "estimated_road_length_km": 13.5,
        "is_urban_core": false
      },
      "geometry": {
        "type": "Polygon",
        "coordinates": [
          [
            [
              74.10146870613518,
              31.359421973006157
            ],
            [
              74.10121110963819,
              31.38648673733732
            ],
            [
              74.1327601388338,
              31.386703989612908
            ],
            [
              74.1330086960639,
              31.35963899574863
            ],
            [
              74.10146870613518,
              31.359421973006157
            ]
          ]
        ]
      }
    },
    {
      "type": "Feature",
      "id": "ZONE-LHR-0156",
      "properties": {
        "zone_id": "ZONE-LHR-0156",
        "zone_name": "Zone 156 (R13C5)",
        "area_sqkm": 9.0,
        "road_density_km_per_sqkm": 1.557,
        "estimated_road_length_km": 14.01,
        "is_urban_core": false
      },
      "geometry": {
        "type": "Polygon",
        "coordinates": [
          [
            [
              74.1330086960639,
              31.35963899574863
            ],
            [
              74.1327601388338,
              31.386703989612908
            ],
            [
              74.16430950326821,
              31.386913481535306
            ],
            [
              74.16454902083406,
              31.359848266335973
            ],
            [
              74.1330086960639,
              31.35963899574863
            ]
          ]
        ]
      }
    },
    {
      "type": "Feature",
      "id": "ZONE-LHR-0157",
      "properties": {
        "zone_id": "ZONE-LHR-0157",
        "zone_name": "Zone 157 (R13C6)",
        "area_sqkm": 9.0,
        "road_density_km_per_sqkm": 1.803,
        "estimated_road_length_km": 16.23,
        "is_urban_core": false
      },
      "geometry": {
        "type": "Polygon",
        "coordinates": [
          [
            [
              74.16454902083406,
              31.359848266335973
            ],
            [
              74.16430950326821,
              31.386913481535306
            ],
            [
              74.19585919075155,
              31.387115212821918
            ],
            [
              74.1960896682702,
              31.36004978448598
            ],
            [
              74.16454902083406,
              31.359848266335973
            ]
          ]
        ]
      }
    },
    {
      "type": "Feature",
      "id": "ZONE-LHR-0158",
      "properties": {
        "zone_id": "ZONE-LHR-0158",
        "zone_name": "Zone 158 (R13C7)",
        "area_sqkm": 9.0,
        "road_density_km_per_sqkm": 2.043,
        "estimated_road_length_km": 18.39,
        "is_urban_core": false
      },
      "geometry": {
        "type": "Polygon",
        "coordinates": [
          [
            [
              74.1960896682702,
              31.36004978448598
            ],
            [
              74.19585919075155,
              31.387115212821918
            ],
            [
              74.22740918909311,
              31.38730918320062
            ],
            [
              74.2276306261961,
              31.360243549926913
            ],
            [
              74.1960896682702,
              31.36004978448598
            ]
          ]
        ]
      }
    },
    {
      "type": "Feature",
      "id": "ZONE-LHR-0159",
      "properties": {
        "zone_id": "ZONE-LHR-0159",
        "zone_name": "Zone 159 (R13C8)",
        "area_sqkm": 9.0,
        "road_density_km_per_sqkm": 5.756,
        "estimated_road_length_km": 51.8,
        "is_urban_core": false
      },
      "geometry": {
        "type": "Polygon",
        "coordinates": [
          [
            [
              74.2276306261961,
              31.360243549926913
            ],
            [
              74.22740918909311,
              31.38730918320062
            ],
            [
              74.2589594861015,
              31.387495392409757
            ],
            [
              74.2591718824348,
              31.360429562397492
            ],
            [
              74.2276306261961,
              31.360243549926913
            ]
          ]
        ]
      }
    },
    {
      "type": "Feature",
      "id": "ZONE-LHR-0160",
      "properties": {
        "zone_id": "ZONE-LHR-0160",
        "zone_name": "Zone 160 (R13C9)",
        "area_sqkm": 9.0,
        "road_density_km_per_sqkm": 5.916,
        "estimated_road_length_km": 53.24,
        "is_urban_core": false
      },
      "geometry": {
        "type": "Polygon",
        "coordinates": [
          [
            [
              74.2591718824348,
              31.360429562397492
            ],
            [
              74.2589594861015,
              31.387495392409757
            ],
            [
              74.29051006958466,
              31.387673840198108
            ],
            [
              74.29071342480863,
              31.36060782164688
            ],
            [
              74.2591718824348,
              31.360429562397492
            ]
          ]
        ]
      }
    },
    {
      "type": "Feature",
      "id": "ZONE-LHR-0161",
      "properties": {
        "zone_id": "ZONE-LHR-0161",
        "zone_name": "Zone 161 (R13C10)",
        "area_sqkm": 9.0,
        "road_density_km_per_sqkm": 2.503,
        "estimated_road_length_km": 22.53,
        "is_urban_core": false
      },
      "geometry": {
        "type": "Polygon",
        "coordinates": [
          [
            [
              74.29071342480863,
              31.36060782164688
            ],
            [
              74.29051006958466,
              31.387673840198108
            ],
            [
              74.32206092734972,
              31.38784452632495
            ],
            [
              74.32225524113927,
              31.36077832743468
            ],
            [
              74.29071342480863,
              31.36060782164688
            ]
          ]
        ]
      }
    },
    {
      "type": "Feature",
      "id": "ZONE-LHR-0162",
      "properties": {
        "zone_id": "ZONE-LHR-0162",
        "zone_name": "Zone 162 (R13C11)",
        "area_sqkm": 9.0,
        "road_density_km_per_sqkm": 2.5,
        "estimated_road_length_km": 22.5,
        "is_urban_core": false
      },
      "geometry": {
        "type": "Polygon",
        "coordinates": [
          [
            [
              74.32225524113927,
              31.36077832743468
            ],
            [
              74.32206092734972,
              31.38784452632495
            ],
            [
              74.35361204720331,
              31.38800745056001
            ],
            [
              74.35379731924773,
              31.36094107953096
            ],
            [
              74.32225524113927,
              31.36077832743468
            ]
          ]
        ]
      }
    },
    {
      "type": "Feature",
      "id": "ZONE-LHR-0163",
      "properties": {
        "zone_id": "ZONE-LHR-0163",
        "zone_name": "Zone 163 (R13C12)",
        "area_sqkm": 9.0,
        "road_density_km_per_sqkm": 2.41,
        "estimated_road_length_km": 21.69,
        "is_urban_core": false
      },
      "geometry": {
        "type": "Polygon",
        "coordinates": [
          [
            [
              74.35379731924773,
              31.36094107953096
            ],
            [
              74.35361204720331,
              31.38800745056001
            ],
            [
              74.38516341695134,
              31.388162612683516
            ],
            [
              74.38533964695438,
              31.361096077716233
            ],
            [
              74.35379731924773,
              31.36094107953096
            ]
          ]
        ]
      }
    },
    {
      "type": "Feature",
      "id": "ZONE-LHR-0164",
      "properties": {
        "zone_id": "ZONE-LHR-0164",
        "zone_name": "Zone 164 (R13C13)",
        "area_sqkm": 9.0,
        "road_density_km_per_sqkm": 2.245,
        "estimated_road_length_km": 20.21,
        "is_urban_core": false
      },
      "geometry": {
        "type": "Polygon",
        "coordinates": [
          [
            [
              74.38533964695438,
              31.361096077716233
            ],
            [
              74.38516341695134,
              31.388162612683516
            ],
            [
              74.41671502439915,
              31.38831001248609
            ],
            [
              74.41688221207903,
              31.361243321781476
            ],
            [
              74.38533964695438,
              31.361096077716233
            ]
          ]
        ]
      }
    },
    {
      "type": "Feature",
      "id": "ZONE-LHR-0165",
      "properties": {
        "zone_id": "ZONE-LHR-0165",
        "zone_name": "Zone 165 (R13C14)",
        "area_sqkm": 9.0,
        "road_density_km_per_sqkm": 2.031,
        "estimated_road_length_km": 18.28,
        "is_urban_core": false
      },
      "geometry": {
        "type": "Polygon",
        "coordinates": [
          [
            [
              74.41688221207903,
              31.361243321781476
            ],
            [
              74.41671502439915,
              31.38831001248609
            ],
            [
              74.44826685735156,
              31.388449649768898
            ],
            [
              74.44842500244093,
              31.361382811528095
            ],
            [
              74.41688221207903,
              31.361243321781476
            ]
          ]
        ]
      }
    },
    {
      "type": "Feature",
      "id": "ZONE-LHR-0166",
      "properties": {
        "zone_id": "ZONE-LHR-0166",
        "zone_name": "Zone 166 (R13C15)",
        "area_sqkm": 8.77,
        "road_density_km_per_sqkm": 1.797,
        "estimated_road_length_km": 15.76,
        "is_urban_core": false
      },
      "geometry": {
        "type": "Polygon",
        "coordinates": [
          [
            [
              74.44842500244093,
              31.361382811528095
            ],
            [
              74.44826685735156,
              31.388449649768898
            ],
            [
              74.47981890361277,
              31.388581524343554
            ],
            [
              74.47995472991212,
              31.363926054143498
            ],
            [
              74.471496,
              31.363926
            ],
            [
              74.4709716,
              31.362483699999995
            ],
            [
              74.4706052588583,
              31.36147625383551
            ],
            [
              74.44842500244093,
              31.361382811528095
            ]
          ]
        ]
      }
    },
    {
      "type": "Feature",
      "id": "ZONE-LHR-0167",
      "properties": {
        "zone_id": "ZONE-LHR-0167",
        "zone_name": "Zone 167 (R13C16)",
        "area_sqkm": 8.78,
        "road_density_km_per_sqkm": 1.546,
        "estimated_road_length_km": 13.57,
        "is_urban_core": false
      },
      "geometry": {
        "type": "Polygon",
        "coordinates": [
          [
            [
              74.47981890361277,
              31.388581524343554
            ],
            [
              74.51137115098652,
              31.38870563603212
            ],
            [
              74.51151121015072,
              31.361638527323482
            ],
            [
              74.49053152872703,
              31.36155693042146
            ],
            [
              74.488667,
              31.363421
            ],
            [
              74.481597,
              31.363925999999992
            ],
            [
              74.47995472991212,
              31.363926054143498
            ],
            [
              74.47981890361277,
              31.388581524343554
            ]
          ]
        ]
      }
    },
    {
      "type": "Feature",
      "id": "ZONE-LHR-0168",
      "properties": {
        "zone_id": "ZONE-LHR-0168",
        "zone_name": "Zone 168 (R13C17)",
        "area_sqkm": 9.0,
        "road_density_km_per_sqkm": 1.5,
        "estimated_road_length_km": 13.5,
        "is_urban_core": false
      },
      "geometry": {
        "type": "Polygon",
        "coordinates": [
          [
            [
              74.51151121015072,
              31.361638527323482
            ],
            [
              74.51137115098652,
              31.38870563603212
            ],
            [
              74.54292358727612,
              31.388821984667157
            ],
            [
              74.54305460313452,
              31.36175475302738
            ],
            [
              74.51151121015072,
              31.361638527323482
            ]
          ]
        ]
      }
    },
    {
      "type": "Feature",
      "id": "ZONE-LHR-0169",
      "properties": {
        "zone_id": "ZONE-LHR-0169",
        "zone_name": "Zone 169 (R13C18)",
        "area_sqkm": 7.08,
        "road_density_km_per_sqkm": 1.5,
        "estimated_road_length_km": 10.62,
        "is_urban_core": false
      },
      "geometry": {
        "type": "Polygon",
        "coordinates": [
          [
            [
              74.54305460313452,
              31.36175475302738
            ],
            [
              74.54292358727612,
              31.388821984667157
            ],
            [
              74.57447620028434,
              31.38893057009168
            ],
            [
              74.57454250619583,
              31.374220913899133
            ],
            [
              74.5740514,
              31.374126299999993
            ],
            [
              74.5733465,
              31.374110599999995
            ],
            [
              74.572736,
              31.373669099999997
            ],
            [
              74.5723666,
              31.373471399999996
            ],
            [
              74.57221890000001,
              31.373365100000004
            ],
            [
              74.5719773,
              31.373115099999996
            ],
            [
              74.5716701,
              31.371455500000007
            ],
            [
              74.5709874,
              31.371471299999996
            ],
            [
              74.570366,
              31.372014399999998
            ],
            [
              74.5698995,
              31.3722891
            ],
            [
              74.5692574,
              31.372319699999995
            ],
            [
              74.5674937,
              31.371920299999992
            ],
            [
              74.567059,
              31.371858099999987
            ],
            [
              74.5658842,
              31.371585699999994
            ],
            [
              74.565437,
              31.371383699999996
            ],
            [
              74.5647359,
              31.3707433
            ],
            [
              74.5636201,
              31.370078699999997
            ],
            [
              74.563101,
              31.369771599999993
            ],
            [
              74.562684,
              31.369592900000015
            ],
            [
              74.5621295,
              31.369379899999995
            ],
            [
              74.5613433,
              31.369174499999996
            ],
            [
              74.5611003,
              31.369052299999993
            ],
            [
              74.5605027,
              31.3687302
            ],
            [
              74.5594061,
              31.3683383
            ],
            [
              74.5592108,
              31.3682483
            ],
            [
              74.55856790000001,
              31.367849099999994
            ],
            [
              74.557321,
              31.3672384
            ],
            [
              74.5564516,
              31.3671011
            ],
            [
              74.5557236,
              31.3668099
            ],
            [
              74.55519190000001,
              31.3666456
            ],
            [
              74.55471410000001,
              31.366606700000002
            ],
            [
              74.553872,
              31.36648649999999
            ],
            [
              74.5530206,
              31.365839199999993
            ],
            [
              74.55263330000001,
              31.365337599999993
            ],
            [
              74.5522282,
              31.364950099999998
            ],
            [
              74.5517374,
              31.364399500000008
            ],
            [
              74.5516261,
              31.363354499999996
            ],
            [
              74.55162,
              31.3627736
            ],
            [
              74.5511604,
              31.3619757
            ],
            [
              74.550968,
              31.361817499999994
            ],
            [
              74.55096049013261,
              31.36178266777958
            ],
            [
              74.54305460313452,
              31.36175475302738
            ]
          ]
        ]
      }
    },
    {
      "type": "Feature",
      "id": "ZONE-LHR-0170",
      "properties": {
        "zone_id": "ZONE-LHR-0170",
        "zone_name": "Zone 170 (R13C19)",
        "area_sqkm": 1.4,
        "road_density_km_per_sqkm": 1.5,
        "estimated_road_length_km": 2.1,
        "is_urban_core": false
      },
      "geometry": {
        "type": "Polygon",
        "coordinates": [
          [
            [
              74.57447620028434,
              31.38893057009168
            ],
            [
              74.58621885157027,
              31.38896899898274
            ],
            [
              74.5861,
              31.388312299999992
            ],
            [
              74.5863227,
              31.3866834
            ],
            [
              74.5862338,
              31.385862999999997
            ],
            [
              74.5860731,
              31.38488470000001
            ],
            [
              74.585438,
              31.382901600000004
            ],
            [
              74.5848221,
              31.380805499999997
            ],
            [
              74.5844571,
              31.38012779999999
            ],
            [
              74.5834089,
              31.379698700000006
            ],
            [
              74.5834885,
              31.3790117
            ],
            [
              74.5805046,
              31.377626900000003
            ],
            [
              74.5805024,
              31.377256799999998
            ],
            [
              74.5793972,
              31.3767742
            ],
            [
              74.5790093,
              31.3765304
            ],
            [
              74.5785443,
              31.376375400000004
            ],
            [
              74.5778618,
              31.375932000000002
            ],
            [
              74.5784813,
              31.374903100000004
            ],
            [
              74.5774765,
              31.374577200000004
            ],
            [
              74.5761217,
              31.374528300000005
            ],
            [
              74.5756021,
              31.37447160000001
            ],
            [
              74.5750667,
              31.3743219
            ],
            [
              74.57454250619583,
              31.374220913899133
            ],
            [
              74.57447620028434,
              31.38893057009168
            ]
          ]
        ]
      }
    },
    {
      "type": "Feature",
      "id": "ZONE-LHR-0171",
      "properties": {
        "zone_id": "ZONE-LHR-0171",
        "zone_name": "Zone 171 (R14C1)",
        "area_sqkm": 6.99,
        "road_density_km_per_sqkm": 1.5,
        "estimated_road_length_km": 10.48,
        "is_urban_core": false
      },
      "geometry": {
        "type": "Polygon",
        "coordinates": [
          [
            [
              74.0383897794998,
              31.35896467223674
            ],
            [
              74.03866508191764,
              31.33190027508777
            ],
            [
              74.02218797995951,
              31.33177580826152
            ],
            [
              74.0128806,
              31.346452099999997
            ],
            [
              74.0126548,
              31.346808199999998
            ],
            [
              74.012653,
              31.346811000000002
            ],
            [
              74.00693395849446,
              31.35872503804045
            ],
            [
              74.0383897794998,
              31.35896467223674
            ]
          ]
        ]
      }
    },
    {
      "type": "Feature",
      "id": "ZONE-LHR-0172",
      "properties": {
        "zone_id": "ZONE-LHR-0172",
        "zone_name": "Zone 172 (R14C2)",
        "area_sqkm": 9.0,
        "road_density_km_per_sqkm": 1.5,
        "estimated_road_length_km": 13.5,
        "is_urban_core": false
      },
      "geometry": {
        "type": "Polygon",
        "coordinates": [
          [
            [
              74.03866508191764,
              31.33190027508777
            ],
            [
              74.0383897794998,
              31.35896467223674
            ],
            [
              74.06992906322252,
              31.35919719840117
            ],
            [
              74.07019533938451,
              31.332132555462096
            ],
            [
              74.03866508191764,
              31.33190027508777
            ]
          ]
        ]
      }
    },
    {
      "type": "Feature",
      "id": "ZONE-LHR-0173",
      "properties": {
        "zone_id": "ZONE-LHR-0173",
        "zone_name": "Zone 173 (R14C3)",
        "area_sqkm": 9.0,
        "road_density_km_per_sqkm": 1.5,
        "estimated_road_length_km": 13.5,
        "is_urban_core": false
      },
      "geometry": {
        "type": "Polygon",
        "coordinates": [
          [
            [
              74.07019533938451,
              31.332132555462096
            ],
            [
              74.06992906322252,
              31.35919719840117
            ],
            [
              74.10146870613518,
              31.359421973006157
            ],
            [
              74.10172595561593,
              31.3323570924696
            ],
            [
              74.07019533938451,
              31.332132555462096
            ]
          ]
        ]
      }
    },
    {
      "type": "Feature",
      "id": "ZONE-LHR-0174",
      "properties": {
        "zone_id": "ZONE-LHR-0174",
        "zone_name": "Zone 174 (R14C4)",
        "area_sqkm": 9.0,
        "road_density_km_per_sqkm": 1.5,
        "estimated_road_length_km": 13.5,
        "is_urban_core": false
      },
      "geometry": {
        "type": "Polygon",
        "coordinates": [
          [
            [
              74.10172595561593,
              31.3323570924696
            ],
            [
              74.10146870613518,
              31.359421973006157
            ],
            [
              74.1330086960639,
              31.35963899574863
            ],
            [
              74.13325691845245,
              31.33257388580762
            ],
            [
              74.10172595561593,
              31.3323570924696
            ]
          ]
        ]
      }
    },
    {
      "type": "Feature",
      "id": "ZONE-LHR-0175",
      "properties": {
        "zone_id": "ZONE-LHR-0175",
        "zone_name": "Zone 175 (R14C5)",
        "area_sqkm": 9.0,
        "road_density_km_per_sqkm": 1.5,
        "estimated_road_length_km": 13.5,
        "is_urban_core": false
      },
      "geometry": {
        "type": "Polygon",
        "coordinates": [
          [
            [
              74.13325691845245,
              31.33257388580762
            ],
            [
              74.1330086960639,
              31.35963899574863
            ],
            [
              74.16454902083406,
              31.359848266335973
            ],
            [
              74.16478821573381,
              31.332782935183957
            ],
            [
              74.13325691845245,
              31.33257388580762
            ]
          ]
        ]
      }
    },
    {
      "type": "Feature",
      "id": "ZONE-LHR-0176",
      "properties": {
        "zone_id": "ZONE-LHR-0176",
        "zone_name": "Zone 176 (R14C6)",
        "area_sqkm": 9.0,
        "road_density_km_per_sqkm": 1.5,
        "estimated_road_length_km": 13.5,
        "is_urban_core": false
      },
      "geometry": {
        "type": "Polygon",
        "coordinates": [
          [
            [
              74.16478821573381,
              31.332782935183957
            ],
            [
              74.16454902083406,
              31.359848266335973
            ],
            [
              74.1960896682702,
              31.36004978448598
            ],
            [
              74.19631983529898,
              31.332984240316826
            ],
            [
              74.16478821573381,
              31.332782935183957
            ]
          ]
        ]
      }
    },
    {
      "type": "Feature",
      "id": "ZONE-LHR-0177",
      "properties": {
        "zone_id": "ZONE-LHR-0177",
        "zone_name": "Zone 177 (R14C7)",
        "area_sqkm": 9.0,
        "road_density_km_per_sqkm": 1.629,
        "estimated_road_length_km": 14.66,
        "is_urban_core": false
      },
      "geometry": {
        "type": "Polygon",
        "coordinates": [
          [
            [
              74.19631983529898,
              31.332984240316826
            ],
            [
              74.1960896682702,
              31.36004978448598
            ],
            [
              74.2276306261961,
              31.360243549926913
            ],
            [
              74.22785176498616,
              31.333177800934866
            ],
            [
              74.19631983529898,
              31.332984240316826
            ]
          ]
        ]
      }
    },
    {
      "type": "Feature",
      "id": "ZONE-LHR-0178",
      "properties": {
        "zone_id": "ZONE-LHR-0178",
        "zone_name": "Zone 178 (R14C8)",
        "area_sqkm": 9.0,
        "road_density_km_per_sqkm": 5.279,
        "estimated_road_length_km": 47.51,
        "is_urban_core": false
      },
      "geometry": {
        "type": "Polygon",
        "coordinates": [
          [
            [
              74.22785176498616,
              31.333177800934866
            ],
            [
              74.2276306261961,
              31.360243549926913
            ],
            [
              74.2591718824348,
              31.360429562397492
            ],
            [
              74.25938399263282,
              31.333363616777184
            ],
            [
              74.22785176498616,
              31.333177800934866
            ]
          ]
        ]
      }
    },
    {
      "type": "Feature",
      "id": "ZONE-LHR-0179",
      "properties": {
        "zone_id": "ZONE-LHR-0179",
        "zone_name": "Zone 179 (R14C9)",
        "area_sqkm": 9.0,
        "road_density_km_per_sqkm": 1.89,
        "estimated_road_length_km": 17.01,
        "is_urban_core": false
      },
      "geometry": {
        "type": "Polygon",
        "coordinates": [
          [
            [
              74.25938399263282,
              31.333363616777184
            ],
            [
              74.2591718824348,
              31.360429562397492
            ],
            [
              74.29071342480863,
              31.36060782164688
            ],
            [
              74.2909165060757,
              31.333541687593275
            ],
            [
              74.25938399263282,
              31.333363616777184
            ]
          ]
        ]
      }
    },
    {
      "type": "Feature",
      "id": "ZONE-LHR-0180",
      "properties": {
        "zone_id": "ZONE-LHR-0180",
        "zone_name": "Zone 180 (R14C10)",
        "area_sqkm": 9.0,
        "road_density_km_per_sqkm": 1.949,
        "estimated_road_length_km": 17.54,
        "is_urban_core": false
      },
      "geometry": {
        "type": "Polygon",
        "coordinates": [
          [
            [
              74.2909165060757,
              31.333541687593275
            ],
            [
              74.29071342480863,
              31.36060782164688
            ],
            [
              74.32225524113927,
              31.36077832743468
            ],
            [
              74.32244929315091,
              31.333712013143128
            ],
            [
              74.2909165060757,
              31.333541687593275
            ]
          ]
        ]
      }
    },
    {
      "type": "Feature",
      "id": "ZONE-LHR-0181",
      "properties": {
        "zone_id": "ZONE-LHR-0181",
        "zone_name": "Zone 181 (R14C11)",
        "area_sqkm": 9.0,
        "road_density_km_per_sqkm": 1.948,
        "estimated_road_length_km": 17.53,
        "is_urban_core": false
      },
      "geometry": {
        "type": "Polygon",
        "coordinates": [
          [
            [
              74.32244929315091,
              31.333712013143128
            ],
            [
              74.32225524113927,
              31.36077832743468
            ],
            [
              74.35379731924773,
              31.36094107953096
            ],
            [
              74.35398234169384,
              31.33387459319711
            ],
            [
              74.32244929315091,
              31.333712013143128
            ]
          ]
        ]
      }
    },
    {
      "type": "Feature",
      "id": "ZONE-LHR-0182",
      "properties": {
        "zone_id": "ZONE-LHR-0182",
        "zone_name": "Zone 182 (R14C12)",
        "area_sqkm": 9.0,
        "road_density_km_per_sqkm": 1.886,
        "estimated_road_length_km": 16.97,
        "is_urban_core": false
      },
      "geometry": {
        "type": "Polygon",
        "coordinates": [
          [
            [
              74.35398234169384,
              31.33387459319711
            ],
            [
              74.35379731924773,
              31.36094107953096
            ],
            [
              74.38533964695438,
              31.361096077716233
            ],
            [
              74.38551563953932,
              31.33402942753607
            ],
            [
              74.35398234169384,
              31.33387459319711
            ]
          ]
        ]
      }
    },
    {
      "type": "Feature",
      "id": "ZONE-LHR-0183",
      "properties": {
        "zone_id": "ZONE-LHR-0183",
        "zone_name": "Zone 183 (R14C13)",
        "area_sqkm": 9.0,
        "road_density_km_per_sqkm": 1.772,
        "estimated_road_length_km": 15.95,
        "is_urban_core": false
      },
      "geometry": {
        "type": "Polygon",
        "coordinates": [
          [
            [
              74.38551563953932,
              31.33402942753607
            ],
            [
              74.38533964695438,
              31.361096077716233
            ],
            [
              74.41688221207903,
              31.361243321781476
            ],
            [
              74.4170491745216,
              31.334176515951274
            ],
            [
              74.38551563953932,
              31.33402942753607
            ]
          ]
        ]
      }
    },
    {
      "type": "Feature",
      "id": "ZONE-LHR-0184",
      "properties": {
        "zone_id": "ZONE-LHR-0184",
        "zone_name": "Zone 184 (R14C14)",
        "area_sqkm": 9.0,
        "road_density_km_per_sqkm": 1.62,
        "estimated_road_length_km": 14.58,
        "is_urban_core": false
      },
      "geometry": {
        "type": "Polygon",
        "coordinates": [
          [
            [
              74.4170491745216,
              31.334176515951274
            ],
            [
              74.41688221207903,
              31.361243321781476
            ],
            [
              74.44842500244093,
              31.361382811528095
            ],
            [
              74.44858293447429,
              31.33431585824441
            ],
            [
              74.4170491745216,
              31.334176515951274
            ]
          ]
        ]
      }
    },
    {
      "type": "Feature",
      "id": "ZONE-LHR-0185",
      "properties": {
        "zone_id": "ZONE-LHR-0185",
        "zone_name": "Zone 185 (R14C15)",
        "area_sqkm": 3.14,
        "road_density_km_per_sqkm": 1.547,
        "estimated_road_length_km": 4.86,
        "is_urban_core": false
      },
      "geometry": {
        "type": "Polygon",
        "coordinates": [
          [
            [
              74.44858293447429,
              31.33431585824441
            ],
            [
              74.44842500244093,
              31.361382811528095
            ],
            [
              74.4706052588583,
              31.36147625383551
            ],
            [
              74.4685878,
              31.3559278
            ],
            [
              74.4682856,
              31.355096799999995
            ],
            [
              74.467456,
              31.352814999999996
            ],
            [
              74.4581795,
              31.351931600000004
            ],
            [
              74.45685,
              31.351804999999995
            ],
            [
              74.4565081,
              31.3506652
            ],
            [
              74.455335,
              31.346755
            ],
            [
              74.45270017360095,
              31.334333479825688
            ],
            [
              74.44858293447429,
              31.33431585824441
            ]
          ]
        ]
      }
    },
    {
      "type": "Feature",
      "id": "ZONE-LHR-0186",
      "properties": {
        "zone_id": "ZONE-LHR-0186",
        "zone_name": "Zone 186 (R14C16)",
        "area_sqkm": 2.4,
        "road_density_km_per_sqkm": 1.5,
        "estimated_road_length_km": 3.6,
        "is_urban_core": false
      },
      "geometry": {
        "type": "Polygon",
        "coordinates": [
          [
            [
              74.51151121015072,
              31.361638527323482
            ],
            [
              74.51156444429857,
              31.35134116377167
            ],
            [
              74.504828,
              31.348774999999993
            ],
            [
              74.497253,
              31.345240000000004
            ],
            [
              74.493718,
              31.358371000000005
            ],
            [
              74.4936594,
              31.358429599999997
            ],
            [
              74.49053152872703,
              31.36155693042146
            ],
            [
              74.51151121015072,
              31.361638527323482
            ]
          ]
        ]
      }
    },
    {
      "type": "Feature",
      "id": "ZONE-LHR-0187",
      "properties": {
        "zone_id": "ZONE-LHR-0187",
        "zone_name": "Zone 187 (R14C17)",
        "area_sqkm": 2.03,
        "road_density_km_per_sqkm": 1.5,
        "estimated_road_length_km": 3.04,
        "is_urban_core": false
      },
      "geometry": {
        "type": "Polygon",
        "coordinates": [
          [
            [
              74.51151121015072,
              31.361638527323482
            ],
            [
              74.54305460313452,
              31.36175475302738
            ],
            [
              74.54308596189499,
              31.355270754734857
            ],
            [
              74.5340147,
              31.3566933
            ],
            [
              74.5332718,
              31.3568099
            ],
            [
              74.526545,
              31.357865
            ],
            [
              74.5209334,
              31.355314500000006
            ],
            [
              74.5158092,
              31.352985599999993
            ],
            [
              74.515434,
              31.352814999999996
            ],
            [
              74.51156444429857,
              31.35134116377167
            ],
            [
              74.51151121015072,
              31.361638527323482
            ]
          ]
        ]
      }
    },
    {
      "type": "Feature",
      "id": "ZONE-LHR-0188",
      "properties": {
        "zone_id": "ZONE-LHR-0188",
        "zone_name": "Zone 188 (R14C18)",
        "area_sqkm": 0.61,
        "road_density_km_per_sqkm": 1.5,
        "estimated_road_length_km": 0.92,
        "is_urban_core": false
      },
      "geometry": {
        "type": "Polygon",
        "coordinates": [
          [
            [
              74.54305460313452,
              31.36175475302738
            ],
            [
              74.55096049013261,
              31.36178266777958
            ],
            [
              74.5508215,
              31.361137999999986
            ],
            [
              74.5504383,
              31.361152599999997
            ],
            [
              74.5501156,
              31.3601415
            ],
            [
              74.5502354,
              31.3594105
            ],
            [
              74.5501614,
              31.358534800000008
            ],
            [
              74.5503495,
              31.3579216
            ],
            [
              74.5506657,
              31.3570378
            ],
            [
              74.551337,
              31.3569773
            ],
            [
              74.55262,
              31.356739099999995
            ],
            [
              74.553049,
              31.3564995
            ],
            [
              74.5531498,
              31.356374899999995
            ],
            [
              74.5529734,
              31.356063499999998
            ],
            [
              74.55281,
              31.355506199999994
            ],
            [
              74.55229250000001,
              31.354731199999996
            ],
            [
              74.5522507,
              31.354388399999998
            ],
            [
              74.5518644,
              31.3538923
            ],
            [
              74.5518394,
              31.35389739999999
            ],
            [
              74.54308596189499,
              31.355270754734857
            ],
            [
              74.54305460313452,
              31.36175475302738
            ]
          ]
        ]
      }
    },
    {
      "type": "Feature",
      "id": "ZONE-LHR-0189",
      "properties": {
        "zone_id": "ZONE-LHR-0189",
        "zone_name": "Zone 189 (R15C1)",
        "area_sqkm": 4.56,
        "road_density_km_per_sqkm": 1.5,
        "estimated_road_length_km": 6.84,
        "is_urban_core": false
      },
      "geometry": {
        "type": "Polygon",
        "coordinates": [
          [
            [
              74.03866508191764,
              31.33190027508777
            ],
            [
              74.03894001341223,
              31.30483576152098
            ],
            [
              74.02635724250635,
              31.30474097612954
            ],
            [
              74.0260034,
              31.3053513
            ],
            [
              74.0227686,
              31.308867999999993
            ],
            [
              74.017942,
              31.313899099999993
            ],
            [
              74.017942,
              31.316190499999994
            ],
            [
              74.0249802,
              31.321469899999993
            ],
            [
              74.0274904,
              31.323500299999996
            ],
            [
              74.025228,
              31.326981
            ],
            [
              74.02218797995951,
              31.33177580826152
            ],
            [
              74.03866508191764,
              31.33190027508777
            ]
          ]
        ]
      }
    },
    {
      "type": "Feature",
      "id": "ZONE-LHR-0190",
      "properties": {
        "zone_id": "ZONE-LHR-0190",
        "zone_name": "Zone 190 (R15C2)",
        "area_sqkm": 9.0,
        "road_density_km_per_sqkm": 1.5,
        "estimated_road_length_km": 13.5,
        "is_urban_core": false
      },
      "geometry": {
        "type": "Polygon",
        "coordinates": [
          [
            [
              74.03894001341223,
              31.30483576152098
            ],
            [
              74.03866508191764,
              31.33190027508777
            ],
            [
              74.07019533938451,
              31.332132555462096
            ],
            [
              74.07046125678185,
              31.30506779624284
            ],
            [
              74.03894001341223,
              31.30483576152098
            ]
          ]
        ]
      }
    },
    {
      "type": "Feature",
      "id": "ZONE-LHR-0191",
      "properties": {
        "zone_id": "ZONE-LHR-0191",
        "zone_name": "Zone 191 (R15C3)",
        "area_sqkm": 9.0,
        "road_density_km_per_sqkm": 1.5,
        "estimated_road_length_km": 13.5,
        "is_urban_core": false
      },
      "geometry": {
        "type": "Polygon",
        "coordinates": [
          [
            [
              74.07046125678185,
              31.30506779624284
            ],
            [
              74.07019533938451,
              31.332132555462096
            ],
            [
              74.10172595561593,
              31.3323570924696
            ],
            [
              74.10198285849147,
              31.305292095785873
            ],
            [
              74.07046125678185,
              31.30506779624284
            ]
          ]
        ]
      }
    },
    {
      "type": "Feature",
      "id": "ZONE-LHR-0192",
      "properties": {
        "zone_id": "ZONE-LHR-0192",
        "zone_name": "Zone 192 (R15C4)",
        "area_sqkm": 9.0,
        "road_density_km_per_sqkm": 1.5,
        "estimated_road_length_km": 13.5,
        "is_urban_core": false
      },
      "geometry": {
        "type": "Polygon",
        "coordinates": [
          [
            [
              74.10198285849147,
              31.305292095785873
            ],
            [
              74.10172595561593,
              31.3323570924696
            ],
            [
              74.13325691845245,
              31.33257388580762
            ],
            [
              74.13350480639599,
              31.30550865984787
            ],
            [
              74.10198285849147,
              31.305292095785873
            ]
          ]
        ]
      }
    },
    {
      "type": "Feature",
      "id": "ZONE-LHR-0193",
      "properties": {
        "zone_id": "ZONE-LHR-0193",
        "zone_name": "Zone 193 (R15C5)",
        "area_sqkm": 9.0,
        "road_density_km_per_sqkm": 1.5,
        "estimated_road_length_km": 13.5,
        "is_urban_core": false
      },
      "geometry": {
        "type": "Polygon",
        "coordinates": [
          [
            [
              74.13350480639599,
              31.30550865984787
            ],
            [
              74.13325691845245,
              31.33257388580762
            ],
            [
              74.16478821573381,
              31.332782935183957
            ],
            [
              74.16502708834962,
              31.30571748813706
            ],
            [
              74.13350480639599,
              31.30550865984787
            ]
          ]
        ]
      }
    },
    {
      "type": "Feature",
      "id": "ZONE-LHR-0194",
      "properties": {
        "zone_id": "ZONE-LHR-0194",
        "zone_name": "Zone 194 (R15C6)",
        "area_sqkm": 9.0,
        "road_density_km_per_sqkm": 1.5,
        "estimated_road_length_km": 13.5,
        "is_urban_core": false
      },
      "geometry": {
        "type": "Polygon",
        "coordinates": [
          [
            [
              74.16502708834962,
              31.30571748813706
            ],
            [
              74.16478821573381,
              31.332782935183957
            ],
            [
              74.19631983529898,
              31.332984240316826
            ],
            [
              74.19654969220562,
              31.305918580372044
            ],
            [
              74.16502708834962,
              31.30571748813706
            ]
          ]
        ]
      }
    },
    {
      "type": "Feature",
      "id": "ZONE-LHR-0195",
      "properties": {
        "zone_id": "ZONE-LHR-0195",
        "zone_name": "Zone 195 (R15C7)",
        "area_sqkm": 9.0,
        "road_density_km_per_sqkm": 1.5,
        "estimated_road_length_km": 13.5,
        "is_urban_core": false
      },
      "geometry": {
        "type": "Polygon",
        "coordinates": [
          [
            [
              74.19654969220562,
              31.305918580372044
            ],
            [
              74.19631983529898,
              31.332984240316826
            ],
            [
              74.22785176498616,
              31.333177800934866
            ],
            [
              74.22807260581665,
              31.306111936281876
            ],
            [
              74.19654969220562,
              31.305918580372044
            ]
          ]
        ]
      }
    },
    {
      "type": "Feature",
      "id": "ZONE-LHR-0196",
      "properties": {
        "zone_id": "ZONE-LHR-0196",
        "zone_name": "Zone 196 (R15C8)",
        "area_sqkm": 9.0,
        "road_density_km_per_sqkm": 1.5,
        "estimated_road_length_km": 13.5,
        "is_urban_core": false
      },
      "geometry": {
        "type": "Polygon",
        "coordinates": [
          [
            [
              74.22807260581665,
              31.306111936281876
            ],
            [
              74.22785176498616,
              31.333177800934866
            ],
            [
              74.25938399263282,
              31.333363616777184
            ],
            [
              74.25959581703451,
              31.306297555606015
            ],
            [
              74.22807260581665,
              31.306111936281876
            ]
          ]
        ]
      }
    },
    {
      "type": "Feature",
      "id": "ZONE-LHR-0197",
      "properties": {
        "zone_id": "ZONE-LHR-0197",
        "zone_name": "Zone 197 (R15C9)",
        "area_sqkm": 9.0,
        "road_density_km_per_sqkm": 1.5,
        "estimated_road_length_km": 13.5,
        "is_urban_core": false
      },
      "geometry": {
        "type": "Polygon",
        "coordinates": [
          [
            [
              74.25959581703451,
              31.306297555606015
            ],
            [
              74.25938399263282,
              31.333363616777184
            ],
            [
              74.2909165060757,
              31.333541687593275
            ],
            [
              74.29111931371037,
              31.30647543809434
            ],
            [
              74.25959581703451,
              31.306297555606015
            ]
          ]
        ]
      }
    },
    {
      "type": "Feature",
      "id": "ZONE-LHR-0198",
      "properties": {
        "zone_id": "ZONE-LHR-0198",
        "zone_name": "Zone 198 (R15C10)",
        "area_sqkm": 9.0,
        "road_density_km_per_sqkm": 1.518,
        "estimated_road_length_km": 13.66,
        "is_urban_core": false
      },
      "geometry": {
        "type": "Polygon",
        "coordinates": [
          [
            [
              74.29111931371037,
              31.30647543809434
            ],
            [
              74.2909165060757,
              31.333541687593275
            ],
            [
              74.32244929315091,
              31.333712013143128
            ],
            [
              74.3226430836947,
              31.30664558350716
            ],
            [
              74.29111931371037,
              31.30647543809434
            ]
          ]
        ]
      }
    },
    {
      "type": "Feature",
      "id": "ZONE-LHR-0199",
      "properties": {
        "zone_id": "ZONE-LHR-0199",
        "zone_name": "Zone 199 (R15C11)",
        "area_sqkm": 9.0,
        "road_density_km_per_sqkm": 1.517,
        "estimated_road_length_km": 13.65,
        "is_urban_core": false
      },
      "geometry": {
        "type": "Polygon",
        "coordinates": [
          [
            [
              74.3226430836947,
              31.30664558350716
            ],
            [
              74.32244929315091,
              31.333712013143128
            ],
            [
              74.35398234169384,
              31.33387459319711
            ],
            [
              74.35416711483731,
              31.306807991615184
            ],
            [
              74.3226430836947,
              31.30664558350716
            ]
          ]
        ]
      }
    },
    {
      "type": "Feature",
      "id": "ZONE-LHR-0200",
      "properties": {
        "zone_id": "ZONE-LHR-0200",
        "zone_name": "Zone 200 (R15C12)",
        "area_sqkm": 9.0,
        "road_density_km_per_sqkm": 1.5,
        "estimated_road_length_km": 13.5,
        "is_urban_core": false
      },
      "geometry": {
        "type": "Polygon",
        "coordinates": [
          [
            [
              74.35416711483731,
              31.306807991615184
            ],
            [
              74.35398234169384,
              31.33387459319711
            ],
            [
              74.38551563953932,
              31.33402942753607
            ],
            [
              74.3856913949874,
              31.306962662199574
            ],
            [
              74.35416711483731,
              31.306807991615184
            ]
          ]
        ]
      }
    },
    {
      "type": "Feature",
      "id": "ZONE-LHR-0201",
      "properties": {
        "zone_id": "ZONE-LHR-0201",
        "zone_name": "Zone 201 (R15C13)",
        "area_sqkm": 9.0,
        "road_density_km_per_sqkm": 1.5,
        "estimated_road_length_km": 13.5,
        "is_urban_core": false
      },
      "geometry": {
        "type": "Polygon",
        "coordinates": [
          [
            [
              74.3856913949874,
              31.306962662199574
            ],
            [
              74.38551563953932,
              31.33402942753607
            ],
            [
              74.4170491745216,
              31.334176515951274
            ],
            [
              74.41721591199362,
              31.307109595051895
            ],
            [
              74.3856913949874,
              31.306962662199574
            ]
          ]
        ]
      }
    },
    {
      "type": "Feature",
      "id": "ZONE-LHR-0202",
      "properties": {
        "zone_id": "ZONE-LHR-0202",
        "zone_name": "Zone 202 (R15C14)",
        "area_sqkm": 8.48,
        "road_density_km_per_sqkm": 1.5,
        "estimated_road_length_km": 12.72,
        "is_urban_core": false
      },
      "geometry": {
        "type": "Polygon",
        "coordinates": [
          [
            [
              74.41721591199362,
              31.307109595051895
            ],
            [
              74.4170491745216,
              31.334176515951274
            ],
            [
              74.44858293447429,
              31.33431585824441
            ],
            [
              74.44866934620083,
              31.319490799451565
            ],
            [
              74.442709,
              31.311402
            ],
            [
              74.44270900014824,
              31.307222756401462
            ],
            [
              74.41721591199362,
              31.307109595051895
            ]
          ]
        ]
      }
    },
    {
      "type": "Feature",
      "id": "ZONE-LHR-0203",
      "properties": {
        "zone_id": "ZONE-LHR-0203",
        "zone_name": "Zone 203 (R15C15)",
        "area_sqkm": 0.38,
        "road_density_km_per_sqkm": 1.5,
        "estimated_road_length_km": 0.57,
        "is_urban_core": false
      },
      "geometry": {
        "type": "Polygon",
        "coordinates": [
          [
            [
              74.44858293447429,
              31.33431585824441
            ],
            [
              74.45270017360095,
              31.334333479825688
            ],
            [
              74.4518,
              31.330089
            ],
            [
              74.4514075,
              31.328322899999996
            ],
            [
              74.4502607,
              31.323161499999998
            ],
            [
              74.44978,
              31.320998000000007
            ],
            [
              74.4492676,
              31.3203026
            ],
            [
              74.44866934620083,
              31.319490799451565
            ],
            [
              74.44858293447429,
              31.33431585824441
            ]
          ]
        ]
      }
    },
    {
      "type": "Feature",
      "id": "ZONE-LHR-0204",
      "properties": {
        "zone_id": "ZONE-LHR-0204",
        "zone_name": "Zone 204 (R16C1)",
        "area_sqkm": 0.85,
        "road_density_km_per_sqkm": 1.5,
        "estimated_road_length_km": 1.27,
        "is_urban_core": false
      },
      "geometry": {
        "type": "Polygon",
        "coordinates": [
          [
            [
              74.03894001341223,
              31.30483576152098
            ],
            [
              74.03905788111406,
              31.29322153300988
            ],
            [
              74.0378266,
              31.294680500000002
            ],
            [
              74.0324622,
              31.298072599999998
            ],
            [
              74.0296297,
              31.300621099999997
            ],
            [
              74.0271407,
              31.303389599999992
            ],
            [
              74.02635724250635,
              31.30474097612954
            ],
            [
              74.03894001341223,
              31.30483576152098
            ]
          ]
        ]
      }
    },
    {
      "type": "Feature",
      "id": "ZONE-LHR-0205",
      "properties": {
        "zone_id": "ZONE-LHR-0205",
        "zone_name": "Zone 205 (R16C2)",
        "area_sqkm": 7.57,
        "road_density_km_per_sqkm": 1.5,
        "estimated_road_length_km": 11.36,
        "is_urban_core": false
      },
      "geometry": {
        "type": "Polygon",
        "coordinates": [
          [
            [
              74.03894001341223,
              31.30483576152098
            ],
            [
              74.07046125678185,
              31.30506779624284
            ],
            [
              74.07072681583907,
              31.278002920801885
            ],
            [
              74.05554198906711,
              31.277892193287197
            ],
            [
              74.0547828,
              31.2784852
            ],
            [
              74.0556841,
              31.280117399999998
            ],
            [
              74.0561561,
              31.280905900000004
            ],
            [
              74.0513067,
              31.283473299999994
            ],
            [
              74.0473538,
              31.28510880000001
            ],
            [
              74.0452295,
              31.28694249999999
            ],
            [
              74.0427189,
              31.28925299999999
            ],
            [
              74.0394359,
              31.292773599999997
            ],
            [
              74.03905788111406,
              31.29322153300988
            ],
            [
              74.03894001341223,
              31.30483576152098
            ]
          ]
        ]
      }
    },
    {
      "type": "Feature",
      "id": "ZONE-LHR-0206",
      "properties": {
        "zone_id": "ZONE-LHR-0206",
        "zone_name": "Zone 206 (R16C3)",
        "area_sqkm": 8.73,
        "road_density_km_per_sqkm": 1.5,
        "estimated_road_length_km": 13.1,
        "is_urban_core": false
      },
      "geometry": {
        "type": "Polygon",
        "coordinates": [
          [
            [
              74.07072681583907,
              31.278002920801885
            ],
            [
              74.07046125678185,
              31.30506779624284
            ],
            [
              74.10198285849147,
              31.305292095785873
            ],
            [
              74.10223941517192,
              31.278226983013244
            ],
            [
              74.08794453372413,
              31.27812630083902
            ],
            [
              74.0829572,
              31.281738600000004
            ],
            [
              74.0819912,
              31.2823363
            ],
            [
              74.0791588,
              31.280190700000006
            ],
            [
              74.0771632,
              31.278742
            ],
            [
              74.07605403735883,
              31.27804134153851
            ],
            [
              74.07072681583907,
              31.278002920801885
            ]
          ]
        ]
      }
    },
    {
      "type": "Feature",
      "id": "ZONE-LHR-0207",
      "properties": {
        "zone_id": "ZONE-LHR-0207",
        "zone_name": "Zone 207 (R16C4)",
        "area_sqkm": 8.95,
        "road_density_km_per_sqkm": 1.5,
        "estimated_road_length_km": 13.42,
        "is_urban_core": false
      },
      "geometry": {
        "type": "Polygon",
        "coordinates": [
          [
            [
              74.10223941517192,
              31.278226983013244
            ],
            [
              74.10198285849147,
              31.305292095785873
            ],
            [
              74.13350480639599,
              31.30550865984787
            ],
            [
              74.1337513389965,
              31.278555052372017
            ],
            [
              74.1298516,
              31.279172199999998
            ],
            [
              74.12551720000002,
              31.279080499999996
            ],
            [
              74.12531712450034,
              31.27838616803824
            ],
            [
              74.10223941517192,
              31.278226983013244
            ]
          ]
        ]
      }
    },
    {
      "type": "Feature",
      "id": "ZONE-LHR-0208",
      "properties": {
        "zone_id": "ZONE-LHR-0208",
        "zone_name": "Zone 208 (R16C5)",
        "area_sqkm": 9.0,
        "road_density_km_per_sqkm": 1.5,
        "estimated_road_length_km": 13.5,
        "is_urban_core": false
      },
      "geometry": {
        "type": "Polygon",
        "coordinates": [
          [
            [
              74.13350480639599,
              31.30550865984787
            ],
            [
              74.16502708834962,
              31.30571748813706
            ],
            [
              74.16526563906287,
              31.27865192525313
            ],
            [
              74.13439129077226,
              31.278447624205732
            ],
            [
              74.1339071,
              31.2785304
            ],
            [
              74.1337513389965,
              31.278555052372017
            ],
            [
              74.13350480639599,
              31.30550865984787
            ]
          ]
        ]
      }
    },
    {
      "type": "Feature",
      "id": "ZONE-LHR-0209",
      "properties": {
        "zone_id": "ZONE-LHR-0209",
        "zone_name": "Zone 209 (R16C6)",
        "area_sqkm": 9.0,
        "road_density_km_per_sqkm": 1.5,
        "estimated_road_length_km": 13.5,
        "is_urban_core": false
      },
      "geometry": {
        "type": "Polygon",
        "coordinates": [
          [
            [
              74.16526563906287,
              31.27865192525313
            ],
            [
              74.16502708834962,
              31.30571748813706
            ],
            [
              74.19654969220562,
              31.305918580372044
            ],
            [
              74.19677923935716,
              31.278852804709313
            ],
            [
              74.16526563906287,
              31.27865192525313
            ]
          ]
        ]
      }
    },
    {
      "type": "Feature",
      "id": "ZONE-LHR-0210",
      "properties": {
        "zone_id": "ZONE-LHR-0210",
        "zone_name": "Zone 210 (R16C7)",
        "area_sqkm": 9.0,
        "road_density_km_per_sqkm": 1.5,
        "estimated_road_length_km": 13.5,
        "is_urban_core": false
      },
      "geometry": {
        "type": "Polygon",
        "coordinates": [
          [
            [
              74.19677923935716,
              31.278852804709313
            ],
            [
              74.19654969220562,
              31.305918580372044
            ],
            [
              74.22807260581665,
              31.306111936281876
            ],
            [
              74.22829314904017,
              31.279045956025428
            ],
            [
              74.19677923935716,
              31.278852804709313
            ]
          ]
        ]
      }
    },
    {
      "type": "Feature",
      "id": "ZONE-LHR-0211",
      "properties": {
        "zone_id": "ZONE-LHR-0211",
        "zone_name": "Zone 211 (R16C8)",
        "area_sqkm": 9.0,
        "road_density_km_per_sqkm": 1.5,
        "estimated_road_length_km": 13.5,
        "is_urban_core": false
      },
      "geometry": {
        "type": "Polygon",
        "coordinates": [
          [
            [
              74.22829314904017,
              31.279045956025428
            ],
            [
              74.22807260581665,
              31.306111936281876
            ],
            [
              74.25959581703451,
              31.306297555606015
            ],
            [
              74.2598073559781,
              31.279231378941304
            ],
            [
              74.22829314904017,
              31.279045956025428
            ]
          ]
        ]
      }
    },
    {
      "type": "Feature",
      "id": "ZONE-LHR-0212",
      "properties": {
        "zone_id": "ZONE-LHR-0212",
        "zone_name": "Zone 212 (R16C9)",
        "area_sqkm": 9.0,
        "road_density_km_per_sqkm": 1.5,
        "estimated_road_length_km": 13.5,
        "is_urban_core": false
      },
      "geometry": {
        "type": "Polygon",
        "coordinates": [
          [
            [
              74.2598073559781,
              31.279231378941304
            ],
            [
              74.25959581703451,
              31.306297555606015
            ],
            [
              74.29111931371037,
              31.30647543809434
            ],
            [
              74.29132184803646,
              31.279409073207194
            ],
            [
              74.2598073559781,
              31.279231378941304
            ]
          ]
        ]
      }
    },
    {
      "type": "Feature",
      "id": "ZONE-LHR-0213",
      "properties": {
        "zone_id": "ZONE-LHR-0213",
        "zone_name": "Zone 213 (R16C10)",
        "area_sqkm": 9.0,
        "road_density_km_per_sqkm": 1.5,
        "estimated_road_length_km": 13.5,
        "is_urban_core": false
      },
      "geometry": {
        "type": "Polygon",
        "coordinates": [
          [
            [
              74.29132184803646,
              31.279409073207194
            ],
            [
              74.29111931371037,
              31.30647543809434
            ],
            [
              74.3226430836947,
              31.30664558350716
            ],
            [
              74.3228366130801,
              31.27957903858373
            ],
            [
              74.29132184803646,
              31.279409073207194
            ]
          ]
        ]
      }
    },
    {
      "type": "Feature",
      "id": "ZONE-LHR-0214",
      "properties": {
        "zone_id": "ZONE-LHR-0214",
        "zone_name": "Zone 214 (R16C11)",
        "area_sqkm": 9.0,
        "road_density_km_per_sqkm": 1.5,
        "estimated_road_length_km": 13.5,
        "is_urban_core": false
      },
      "geometry": {
        "type": "Polygon",
        "coordinates": [
          [
            [
              74.3228366130801,
              31.27957903858373
            ],
            [
              74.3226430836947,
              31.30664558350716
            ],
            [
              74.35416711483731,
              31.306807991615184
            ],
            [
              74.35435163897318,
              31.27974127484197
            ],
            [
              74.3228366130801,
              31.27957903858373
            ]
          ]
        ]
      }
    },
    {
      "type": "Feature",
      "id": "ZONE-LHR-0215",
      "properties": {
        "zone_id": "ZONE-LHR-0215",
        "zone_name": "Zone 215 (R16C12)",
        "area_sqkm": 9.0,
        "road_density_km_per_sqkm": 1.5,
        "estimated_road_length_km": 13.5,
        "is_urban_core": false
      },
      "geometry": {
        "type": "Polygon",
        "coordinates": [
          [
            [
              74.35435163897318,
              31.27974127484197
            ],
            [
              74.35416711483731,
              31.306807991615184
            ],
            [
              74.3856913949874,
              31.306962662199574
            ],
            [
              74.38586691357928,
              31.2798957817634
            ],
            [
              74.35435163897318,
              31.27974127484197
            ]
          ]
        ]
      }
    },
    {
      "type": "Feature",
      "id": "ZONE-LHR-0216",
      "properties": {
        "zone_id": "ZONE-LHR-0216",
        "zone_name": "Zone 216 (R16C13)",
        "area_sqkm": 9.0,
        "road_density_km_per_sqkm": 1.5,
        "estimated_road_length_km": 13.5,
        "is_urban_core": false
      },
      "geometry": {
        "type": "Polygon",
        "coordinates": [
          [
            [
              74.38586691357928,
              31.2798957817634
            ],
            [
              74.3856913949874,
              31.306962662199574
            ],
            [
              74.41721591199362,
              31.307109595051895
            ],
            [
              74.41738242476139,
              31.280042559139854
            ],
            [
              74.38586691357928,
              31.2798957817634
            ]
          ]
        ]
      }
    },
    {
      "type": "Feature",
      "id": "ZONE-LHR-0217",
      "properties": {
        "zone_id": "ZONE-LHR-0217",
        "zone_name": "Zone 217 (R16C14)",
        "area_sqkm": 6.73,
        "road_density_km_per_sqkm": 1.5,
        "estimated_road_length_km": 10.1,
        "is_urban_core": false
      },
      "geometry": {
        "type": "Polygon",
        "coordinates": [
          [
            [
              74.41738242476139,
              31.280042559139854
            ],
            [
              74.41721591199362,
              31.307109595051895
            ],
            [
              74.44270900014824,
              31.307222756401462
            ],
            [
              74.442709,
              31.306802800000003
            ],
            [
              74.442709,
              31.304122999999997
            ],
            [
              74.442709,
              31.302817
            ],
            [
              74.4406675,
              31.293969700000005
            ],
            [
              74.4399106,
              31.290689799999992
            ],
            [
              74.43970400000002,
              31.289728400000005
            ],
            [
              74.439679,
              31.289685999999993
            ],
            [
              74.4392509,
              31.287315099999987
            ],
            [
              74.4398303,
              31.2835376
            ],
            [
              74.4397873,
              31.2812637
            ],
            [
              74.43976086266925,
              31.280142088724865
            ],
            [
              74.41738242476139,
              31.280042559139854
            ]
          ]
        ]
      }
    },
    {
      "type": "Feature",
      "id": "ZONE-LHR-0218",
      "properties": {
        "zone_id": "ZONE-LHR-0218",
        "zone_name": "Zone 218 (R17C2)",
        "area_sqkm": 1.12,
        "road_density_km_per_sqkm": 1.5,
        "estimated_road_length_km": 1.68,
        "is_urban_core": false
      },
      "geometry": {
        "type": "Polygon",
        "coordinates": [
          [
            [
              74.07072681583907,
              31.278002920801885
            ],
            [
              74.07082084372014,
              31.2684111344405
            ],
            [
              74.0687947,
              31.266454199999995
            ],
            [
              74.0636878,
              31.269718800000003
            ],
            [
              74.060744,
              31.2723748
            ],
            [
              74.0590529,
              31.273900399999995
            ],
            [
              74.0567784,
              31.2769264
            ],
            [
              74.05554198906711,
              31.277892193287197
            ],
            [
              74.07072681583907,
              31.278002920801885
            ]
          ]
        ]
      }
    },
    {
      "type": "Feature",
      "id": "ZONE-LHR-0219",
      "properties": {
        "zone_id": "ZONE-LHR-0219",
        "zone_name": "Zone 219 (R17C3)",
        "area_sqkm": 3.0,
        "road_density_km_per_sqkm": 1.5,
        "estimated_road_length_km": 4.5,
        "is_urban_core": false
      },
      "geometry": {
        "type": "MultiPolygon",
        "coordinates": [
          [
            [
              [
                74.10223941517192,
                31.278226983013244
              ],
              [
                74.10249562606664,
                31.25116175421011
              ],
              [
                74.09422052417936,
                31.25110370947473
              ],
              [
                74.0942868,
                31.2523562
              ],
              [
                74.0940508,
                31.254630800000005
              ],
              [
                74.0934071,
                31.256300000000003
              ],
              [
                74.0936002,
                31.259638399999993
              ],
              [
                74.0927419,
                31.261234199999993
              ],
              [
                74.0926346,
                31.264554099999998
              ],
              [
                74.0928277,
                31.268057299999995
              ],
              [
                74.0918122,
                31.272731199999996
              ],
              [
                74.0917119,
                31.273192599999994
              ],
              [
                74.0902743,
                31.276438699999993
              ],
              [
                74.08794453372413,
                31.27812630083902
              ],
              [
                74.10223941517192,
                31.278226983013244
              ]
            ]
          ],
          [
            [
              [
                74.07072681583907,
                31.278002920801885
              ],
              [
                74.07605403735883,
                31.27804134153851
              ],
              [
                74.0756826,
                31.277806699999992
              ],
              [
                74.0735798,
                31.27643129999999
              ],
              [
                74.0729575,
                31.274395600000002
              ],
              [
                74.0726142,
                31.2725249
              ],
              [
                74.0709405,
                31.2685267
              ],
              [
                74.07082084372014,
                31.2684111344405
              ],
              [
                74.07072681583907,
                31.278002920801885
              ]
            ]
          ]
        ]
      }
    },
    {
      "type": "Feature",
      "id": "ZONE-LHR-0220",
      "properties": {
        "zone_id": "ZONE-LHR-0220",
        "zone_name": "Zone 220 (R17C4)",
        "area_sqkm": 4.34,
        "road_density_km_per_sqkm": 1.5,
        "estimated_road_length_km": 6.51,
        "is_urban_core": false
      },
      "geometry": {
        "type": "Polygon",
        "coordinates": [
          [
            [
              74.10249562606664,
              31.25116175421011
            ],
            [
              74.10223941517192,
              31.278226983013244
            ],
            [
              74.12531712450034,
              31.27838616803824
            ],
            [
              74.12480910000001,
              31.276623099999984
            ],
            [
              74.1233929,
              31.274880899999996
            ],
            [
              74.122041,
              31.273927199999996
            ],
            [
              74.1198309,
              31.272184899999992
            ],
            [
              74.1188438,
              31.2707727
            ],
            [
              74.1181143,
              31.27000239999999
            ],
            [
              74.1161187,
              31.266646
            ],
            [
              74.1163548,
              31.264188299999997
            ],
            [
              74.1166766,
              31.262849300000003
            ],
            [
              74.1170843,
              31.2615837
            ],
            [
              74.117771,
              31.259621100000004
            ],
            [
              74.1159685,
              31.257328199999986
            ],
            [
              74.1147025,
              31.256924699999992
            ],
            [
              74.1122778,
              31.25398979999999
            ],
            [
              74.1114409,
              31.25268729999999
            ],
            [
              74.11057299172569,
              31.25121789813968
            ],
            [
              74.10249562606664,
              31.25116175421011
            ]
          ]
        ]
      }
    },
    {
      "type": "Feature",
      "id": "ZONE-LHR-0221",
      "properties": {
        "zone_id": "ZONE-LHR-0221",
        "zone_name": "Zone 221 (R17C5)",
        "area_sqkm": 4.42,
        "road_density_km_per_sqkm": 1.5,
        "estimated_road_length_km": 6.63,
        "is_urban_core": false
      },
      "geometry": {
        "type": "Polygon",
        "coordinates": [
          [
            [
              74.16526563906287,
              31.27865192525313
            ],
            [
              74.16550386825422,
              31.25158624659015
            ],
            [
              74.16248929648268,
              31.25156664065937
            ],
            [
              74.1612013,
              31.252742399999992
            ],
            [
              74.1605146,
              31.2545217
            ],
            [
              74.1599997,
              31.255475599999997
            ],
            [
              74.1571672,
              31.257621699999994
            ],
            [
              74.1577251,
              31.25857560000001
            ],
            [
              74.1588839,
              31.2600613
            ],
            [
              74.1596993,
              31.261382
            ],
            [
              74.1598065,
              31.261932200000004
            ],
            [
              74.1568883,
              31.261620399999995
            ],
            [
              74.1561587,
              31.2604465
            ],
            [
              74.1553648,
              31.259841200000004
            ],
            [
              74.1545494,
              31.259474300000008
            ],
            [
              74.1529186,
              31.259676099999997
            ],
            [
              74.1501291,
              31.260538199999996
            ],
            [
              74.1493352,
              31.263142799999997
            ],
            [
              74.1488631,
              31.2645918
            ],
            [
              74.1486271,
              31.2659307
            ],
            [
              74.1477473,
              31.2691404
            ],
            [
              74.1472753,
              31.2702775
            ],
            [
              74.1459449,
              31.2710845
            ],
            [
              74.1432841,
              31.2718181
            ],
            [
              74.1416748,
              31.272900199999995
            ],
            [
              74.1391213,
              31.276293
            ],
            [
              74.1374691,
              31.277485000000006
            ],
            [
              74.1361602,
              31.2781452
            ],
            [
              74.13439129077226,
              31.278447624205732
            ],
            [
              74.16526563906287,
              31.27865192525313
            ]
          ]
        ]
      }
    },
    {
      "type": "Feature",
      "id": "ZONE-LHR-0222",
      "properties": {
        "zone_id": "ZONE-LHR-0222",
        "zone_name": "Zone 222 (R17C6)",
        "area_sqkm": 9.0,
        "road_density_km_per_sqkm": 1.5,
        "estimated_road_length_km": 13.5,
        "is_urban_core": false
      },
      "geometry": {
        "type": "Polygon",
        "coordinates": [
          [
            [
              74.16550386825422,
              31.25158624659015
            ],
            [
              74.16526563906287,
              31.27865192525313
            ],
            [
              74.19677923935716,
              31.278852804709313
            ],
            [
              74.19700847711985,
              31.251786913386397
            ],
            [
              74.16550386825422,
              31.25158624659015
            ]
          ]
        ]
      }
    },
    {
      "type": "Feature",
      "id": "ZONE-LHR-0223",
      "properties": {
        "zone_id": "ZONE-LHR-0223",
        "zone_name": "Zone 223 (R17C7)",
        "area_sqkm": 9.0,
        "road_density_km_per_sqkm": 1.5,
        "estimated_road_length_km": 13.5,
        "is_urban_core": false
      },
      "geometry": {
        "type": "Polygon",
        "coordinates": [
          [
            [
              74.19700847711985,
              31.251786913386397
            ],
            [
              74.19677923935716,
              31.278852804709313
            ],
            [
              74.22829314904017,
              31.279045956025428
            ],
            [
              74.22851339500865,
              31.251979860223088
            ],
            [
              74.19700847711985,
              31.251786913386397
            ]
          ]
        ]
      }
    },
    {
      "type": "Feature",
      "id": "ZONE-LHR-0224",
      "properties": {
        "zone_id": "ZONE-LHR-0224",
        "zone_name": "Zone 224 (R17C8)",
        "area_sqkm": 8.55,
        "road_density_km_per_sqkm": 1.5,
        "estimated_road_length_km": 12.83,
        "is_urban_core": false
      },
      "geometry": {
        "type": "Polygon",
        "coordinates": [
          [
            [
              74.22851339500865,
              31.251979860223088
            ],
            [
              74.22829314904017,
              31.279045956025428
            ],
            [
              74.2598073559781,
              31.279231378941304
            ],
            [
              74.25996898534854,
              31.25852636990409
            ],
            [
              74.2514247,
              31.25456079999999
            ],
            [
              74.2492146,
              31.25336849999999
            ],
            [
              74.24845952226919,
              31.252098025078574
            ],
            [
              74.22851339500865,
              31.251979860223088
            ]
          ]
        ]
      }
    },
    {
      "type": "Feature",
      "id": "ZONE-LHR-0225",
      "properties": {
        "zone_id": "ZONE-LHR-0225",
        "zone_name": "Zone 225 (R17C9)",
        "area_sqkm": 5.46,
        "road_density_km_per_sqkm": 1.5,
        "estimated_road_length_km": 8.19,
        "is_urban_core": false
      },
      "geometry": {
        "type": "Polygon",
        "coordinates": [
          [
            [
              74.2598073559781,
              31.279231378941304
            ],
            [
              74.29132184803646,
              31.279409073207194
            ],
            [
              74.2914771403356,
              31.258631225175336
            ],
            [
              74.2883196,
              31.260958500000008
            ],
            [
              74.2788783,
              31.264865300000004
            ],
            [
              74.2749048,
              31.2666023
            ],
            [
              74.268033,
              31.263988899999987
            ],
            [
              74.2655224,
              31.261200899999988
            ],
            [
              74.2636771,
              31.260247100000004
            ],
            [
              74.25996898534854,
              31.25852636990409
            ],
            [
              74.2598073559781,
              31.279231378941304
            ]
          ]
        ]
      }
    },
    {
      "type": "Feature",
      "id": "ZONE-LHR-0226",
      "properties": {
        "zone_id": "ZONE-LHR-0226",
        "zone_name": "Zone 226 (R17C10)",
        "area_sqkm": 7.78,
        "road_density_km_per_sqkm": 1.5,
        "estimated_road_length_km": 11.67,
        "is_urban_core": false
      },
      "geometry": {
        "type": "Polygon",
        "coordinates": [
          [
            [
              74.29132184803646,
              31.279409073207194
            ],
            [
              74.3228366130801,
              31.27957903858373
            ],
            [
              74.32297252667875,
              31.260548582272556
            ],
            [
              74.3201843,
              31.259968000000004
            ],
            [
              74.30228328884846,
              31.252401442773007
            ],
            [
              74.29994536700941,
              31.25238873156138
            ],
            [
              74.2914771403356,
              31.258631225175336
            ],
            [
              74.29132184803646,
              31.279409073207194
            ]
          ]
        ]
      }
    },
    {
      "type": "Feature",
      "id": "ZONE-LHR-0227",
      "properties": {
        "zone_id": "ZONE-LHR-0227",
        "zone_name": "Zone 227 (R17C11)",
        "area_sqkm": 6.17,
        "road_density_km_per_sqkm": 1.5,
        "estimated_road_length_km": 9.25,
        "is_urban_core": false
      },
      "geometry": {
        "type": "Polygon",
        "coordinates": [
          [
            [
              74.3228366130801,
              31.27957903858373
            ],
            [
              74.35435163897318,
              31.27974127484197
            ],
            [
              74.35450189697553,
              31.25767376345338
            ],
            [
              74.3537226,
              31.2572716
            ],
            [
              74.3519202,
              31.257656799999996
            ],
            [
              74.3485728,
              31.2596745
            ],
            [
              74.3454829,
              31.2610686
            ],
            [
              74.3396249,
              31.263031199999997
            ],
            [
              74.3293467,
              31.2618756
            ],
            [
              74.32297252667875,
              31.260548582272556
            ],
            [
              74.3228366130801,
              31.27957903858373
            ]
          ]
        ]
      }
    },
    {
      "type": "Feature",
      "id": "ZONE-LHR-0228",
      "properties": {
        "zone_id": "ZONE-LHR-0228",
        "zone_name": "Zone 228 (R17C12)",
        "area_sqkm": 5.51,
        "road_density_km_per_sqkm": 1.5,
        "estimated_road_length_km": 8.27,
        "is_urban_core": false
      },
      "geometry": {
        "type": "Polygon",
        "coordinates": [
          [
            [
              74.35435163897318,
              31.27974127484197
            ],
            [
              74.38586691357928,
              31.2798957817634
            ],
            [
              74.38596617265097,
              31.26457272416018
            ],
            [
              74.3827548,
              31.2646819
            ],
            [
              74.366962,
              31.2643701
            ],
            [
              74.3638721,
              31.2635631
            ],
            [
              74.3608251,
              31.2613987
            ],
            [
              74.3572417,
              31.259087599999997
            ],
            [
              74.35450189697553,
              31.25767376345338
            ],
            [
              74.35435163897318,
              31.27974127484197
            ]
          ]
        ]
      }
    },
    {
      "type": "Feature",
      "id": "ZONE-LHR-0229",
      "properties": {
        "zone_id": "ZONE-LHR-0229",
        "zone_name": "Zone 229 (R17C13)",
        "area_sqkm": 4.2,
        "road_density_km_per_sqkm": 1.5,
        "estimated_road_length_km": 6.3,
        "is_urban_core": false
      },
      "geometry": {
        "type": "MultiPolygon",
        "coordinates": [
          [
            [
              [
                74.41754871309064,
                31.252975408271748
              ],
              [
                74.41165970538034,
                31.25294858940065
              ],
              [
                74.4116134,
                31.253078
              ],
              [
                74.4123859,
                31.255646099999996
              ],
              [
                74.4107551,
                31.256178000000006
              ],
              [
                74.4124539,
                31.26025329999999
              ],
              [
                74.4125166,
                31.260403599999993
              ],
              [
                74.4134608,
                31.262512999999995
              ],
              [
                74.4134884,
                31.263715600000005
              ],
              [
                74.4135037,
                31.2643839
              ],
              [
                74.4128812,
                31.26655480000001
              ],
              [
                74.41265070000001,
                31.267358499999997
              ],
              [
                74.4124308,
                31.2681255
              ],
              [
                74.4136968,
                31.26816219999999
              ],
              [
                74.41744878559727,
                31.269245237692502
              ],
              [
                74.41754871309064,
                31.252975408271748
              ]
            ]
          ],
          [
            [
              [
                74.38586691357928,
                31.2798957817634
              ],
              [
                74.41738242476139,
                31.280042559139854
              ],
              [
                74.41741054965044,
                31.275467176019298
              ],
              [
                74.4159928,
                31.27547990000001
              ],
              [
                74.4131175,
                31.275333199999995
              ],
              [
                74.4093409,
                31.274342800000003
              ],
              [
                74.4066158,
                31.27300400000001
              ],
              [
                74.4018307,
                31.270289699999996
              ],
              [
                74.40069350000002,
                31.267396400000003
              ],
              [
                74.3995347,
                31.266424299999997
              ],
              [
                74.3924537,
                31.265708999999994
              ],
              [
                74.3865314,
                31.264553500000005
              ],
              [
                74.38596617265097,
                31.26457272416018
              ],
              [
                74.38586691357928,
                31.2798957817634
              ]
            ]
          ]
        ]
      }
    },
    {
      "type": "Feature",
      "id": "ZONE-LHR-0230",
      "properties": {
        "zone_id": "ZONE-LHR-0230",
        "zone_name": "Zone 230 (R17C14)",
        "area_sqkm": 5.93,
        "road_density_km_per_sqkm": 1.5,
        "estimated_road_length_km": 8.89,
        "is_urban_core": false
      },
      "geometry": {
        "type": "Polygon",
        "coordinates": [
          [
            [
              74.41738242476139,
              31.280042559139854
            ],
            [
              74.43976086266925,
              31.280142088724865
            ],
            [
              74.4396801,
              31.276715600000003
            ],
            [
              74.4398732,
              31.274698299999997
            ],
            [
              74.4402165,
              31.2715805
            ],
            [
              74.4407529,
              31.2671421
            ],
            [
              74.4402594,
              31.2651291
            ],
            [
              74.4378347,
              31.263074799999995
            ],
            [
              74.4378347,
              31.260415199999997
            ],
            [
              74.4354958,
              31.2596999
            ],
            [
              74.43543536384358,
              31.25305521087528
            ],
            [
              74.41754871309064,
              31.252975408271748
            ],
            [
              74.41744878559727,
              31.269245237692502
            ],
            [
              74.4185892,
              31.269574399999993
            ],
            [
              74.4194475,
              31.273554199999992
            ],
            [
              74.4189754,
              31.275681599999995
            ],
            [
              74.4180313,
              31.2754616
            ],
            [
              74.41741054965044,
              31.275467176019298
            ],
            [
              74.41738242476139,
              31.280042559139854
            ]
          ]
        ]
      }
    },
    {
      "type": "Feature",
      "id": "ZONE-LHR-0231",
      "properties": {
        "zone_id": "ZONE-LHR-0231",
        "zone_name": "Zone 231 (R18C3)",
        "area_sqkm": 0.89,
        "road_density_km_per_sqkm": 1.5,
        "estimated_road_length_km": 1.33,
        "is_urban_core": false
      },
      "geometry": {
        "type": "Polygon",
        "coordinates": [
          [
            [
              74.10249562606664,
              31.25116175421011
            ],
            [
              74.10257766976902,
              31.242487195292547
            ],
            [
              74.09981090000001,
              31.2407998
            ],
            [
              74.0976007,
              31.23867160000001
            ],
            [
              74.0940173,
              31.244909200000002
            ],
            [
              74.0938457,
              31.247129000000005
            ],
            [
              74.0941461,
              31.24969720000001
            ],
            [
              74.09422052417936,
              31.25110370947473
            ],
            [
              74.10249562606664,
              31.25116175421011
            ]
          ]
        ]
      }
    },
    {
      "type": "Feature",
      "id": "ZONE-LHR-0232",
      "properties": {
        "zone_id": "ZONE-LHR-0232",
        "zone_name": "Zone 232 (R18C4)",
        "area_sqkm": 0.49,
        "road_density_km_per_sqkm": 1.5,
        "estimated_road_length_km": 0.73,
        "is_urban_core": false
      },
      "geometry": {
        "type": "Polygon",
        "coordinates": [
          [
            [
              74.10249562606664,
              31.25116175421011
            ],
            [
              74.11057299172569,
              31.25121789813968
            ],
            [
              74.1103466,
              31.250834599999997
            ],
            [
              74.1091021,
              31.247018899999993
            ],
            [
              74.106098,
              31.244634
            ],
            [
              74.10257766976902,
              31.242487195292547
            ],
            [
              74.10249562606664,
              31.25116175421011
            ]
          ]
        ]
      }
    },
    {
      "type": "Feature",
      "id": "ZONE-LHR-0233",
      "properties": {
        "zone_id": "ZONE-LHR-0233",
        "zone_name": "Zone 233 (R18C5)",
        "area_sqkm": 1.35,
        "road_density_km_per_sqkm": 1.5,
        "estimated_road_length_km": 2.03,
        "is_urban_core": false
      },
      "geometry": {
        "type": "Polygon",
        "coordinates": [
          [
            [
              74.16550386825422,
              31.25158624659015
            ],
            [
              74.16574177630356,
              31.22452045220618
            ],
            [
              74.15982067608759,
              31.22448190591661
            ],
            [
              74.1602996,
              31.225350200000005
            ],
            [
              74.1610506,
              31.226304399999993
            ],
            [
              74.1604713,
              31.227130099999997
            ],
            [
              74.1596988,
              31.227662199999997
            ],
            [
              74.1584328,
              31.227680500000005
            ],
            [
              74.1559437,
              31.229423699999998
            ],
            [
              74.1541842,
              31.230946599999996
            ],
            [
              74.1548923,
              31.2326896
            ],
            [
              74.1556218,
              31.233276799999995
            ],
            [
              74.1581109,
              31.233662100000004
            ],
            [
              74.1587976,
              31.233772099999992
            ],
            [
              74.1604498,
              31.23841399999999
            ],
            [
              74.1622094,
              31.2389827
            ],
            [
              74.1632608,
              31.2402119
            ],
            [
              74.1634324,
              31.241367700000005
            ],
            [
              74.1646126,
              31.245201999999995
            ],
            [
              74.1648491,
              31.249055199999997
            ],
            [
              74.1637333,
              31.250431000000003
            ],
            [
              74.16248929648268,
              31.25156664065937
            ],
            [
              74.16550386825422,
              31.25158624659015
            ]
          ]
        ]
      }
    },
    {
      "type": "Feature",
      "id": "ZONE-LHR-0234",
      "properties": {
        "zone_id": "ZONE-LHR-0234",
        "zone_name": "Zone 234 (R18C6)",
        "area_sqkm": 9.0,
        "road_density_km_per_sqkm": 1.5,
        "estimated_road_length_km": 13.5,
        "is_urban_core": false
      },
      "geometry": {
        "type": "Polygon",
        "coordinates": [
          [
            [
              74.16574177630356,
              31.22452045220618
            ],
            [
              74.16550386825422,
              31.25158624659015
            ],
            [
              74.19700847711985,
              31.251786913386397
            ],
            [
              74.19723740585925,
              31.22472090646116
            ],
            [
              74.16574177630356,
              31.22452045220618
            ]
          ]
        ]
      }
    },
    {
      "type": "Feature",
      "id": "ZONE-LHR-0235",
      "properties": {
        "zone_id": "ZONE-LHR-0235",
        "zone_name": "Zone 235 (R18C7)",
        "area_sqkm": 8.12,
        "road_density_km_per_sqkm": 1.5,
        "estimated_road_length_km": 12.18,
        "is_urban_core": false
      },
      "geometry": {
        "type": "Polygon",
        "coordinates": [
          [
            [
              74.19723740585925,
              31.22472090646116
            ],
            [
              74.19700847711985,
              31.251786913386397
            ],
            [
              74.22851339500865,
              31.251979860223088
            ],
            [
              74.22864098763114,
              31.236283191688877
            ],
            [
              74.2285624,
              31.2362202
            ],
            [
              74.2215342,
              31.230472699999996
            ],
            [
              74.2197747,
              31.2289497
            ],
            [
              74.2177576,
              31.22755529999999
            ],
            [
              74.2158264,
              31.2265277
            ],
            [
              74.2133159,
              31.225573599999997
            ],
            [
              74.21375481864254,
              31.2248229483016
            ],
            [
              74.19723740585925,
              31.22472090646116
            ]
          ]
        ]
      }
    },
    {
      "type": "Feature",
      "id": "ZONE-LHR-0236",
      "properties": {
        "zone_id": "ZONE-LHR-0236",
        "zone_name": "Zone 236 (R18C8)",
        "area_sqkm": 2.17,
        "road_density_km_per_sqkm": 1.5,
        "estimated_road_length_km": 3.25,
        "is_urban_core": false
      },
      "geometry": {
        "type": "Polygon",
        "coordinates": [
          [
            [
              74.22851339500865,
              31.251979860223088
            ],
            [
              74.24845952226919,
              31.252098025078574
            ],
            [
              74.2478627,
              31.251093799999996
            ],
            [
              74.2492146,
              31.24781009999999
            ],
            [
              74.24932190000001,
              31.245333499999997
            ],
            [
              74.2490858,
              31.2445263
            ],
            [
              74.246468,
              31.244746499999994
            ],
            [
              74.2435068,
              31.244654800000003
            ],
            [
              74.2423696,
              31.244122699999995
            ],
            [
              74.2401594,
              31.242930300000005
            ],
            [
              74.23363630000001,
              31.239921500000012
            ],
            [
              74.2304606,
              31.2379401
            ],
            [
              74.2301348,
              31.237719099999996
            ],
            [
              74.2298383,
              31.23751809999999
            ],
            [
              74.2288083,
              31.236417300000014
            ],
            [
              74.22864098763114,
              31.236283191688877
            ],
            [
              74.22851339500865,
              31.251979860223088
            ]
          ]
        ]
      }
    },
    {
      "type": "Feature",
      "id": "ZONE-LHR-0237",
      "properties": {
        "zone_id": "ZONE-LHR-0237",
        "zone_name": "Zone 237 (R18C13)",
        "area_sqkm": 0.87,
        "road_density_km_per_sqkm": 1.5,
        "estimated_road_length_km": 1.3,
        "is_urban_core": false
      },
      "geometry": {
        "type": "Polygon",
        "coordinates": [
          [
            [
              74.41754871309064,
              31.252975408271748
            ],
            [
              74.41762667143917,
              31.24027331863861
            ],
            [
              74.4139952,
              31.239154
            ],
            [
              74.4142313,
              31.244180800000006
            ],
            [
              74.4109697,
              31.2431718
            ],
            [
              74.4114632,
              31.247519699999998
            ],
            [
              74.4082526,
              31.24747309999999
            ],
            [
              74.4076652,
              31.2474646
            ],
            [
              74.4093389,
              31.251500399999998
            ],
            [
              74.4121713,
              31.251518800000003
            ],
            [
              74.41165970538034,
              31.25294858940065
            ],
            [
              74.41754871309064,
              31.252975408271748
            ]
          ]
        ]
      }
    },
    {
      "type": "Feature",
      "id": "ZONE-LHR-0238",
      "properties": {
        "zone_id": "ZONE-LHR-0238",
        "zone_name": "Zone 238 (R18C14)",
        "area_sqkm": 1.64,
        "road_density_km_per_sqkm": 1.5,
        "estimated_road_length_km": 2.46,
        "is_urban_core": false
      },
      "geometry": {
        "type": "Polygon",
        "coordinates": [
          [
            [
              74.41754871309064,
              31.252975408271748
            ],
            [
              74.43543536384358,
              31.25305521087528
            ],
            [
              74.4354314,
              31.2526194
            ],
            [
              74.4336075,
              31.252839500000004
            ],
            [
              74.4333286,
              31.248547000000002
            ],
            [
              74.43041030000002,
              31.247959900000012
            ],
            [
              74.43056,
              31.2466864
            ],
            [
              74.4308609,
              31.244125799999992
            ],
            [
              74.4277952,
              31.243271699999998
            ],
            [
              74.423222,
              31.24199769999999
            ],
            [
              74.41762667143917,
              31.24027331863861
            ],
            [
              74.41754871309064,
              31.252975408271748
            ]
          ]
        ]
      }
    },
    {
      "type": "Feature",
      "id": "ZONE-LHR-0239",
      "properties": {
        "zone_id": "ZONE-LHR-0239",
        "zone_name": "Zone 239 (R19C5)",
        "area_sqkm": 1.36,
        "road_density_km_per_sqkm": 1.5,
        "estimated_road_length_km": 2.04,
        "is_urban_core": false
      },
      "geometry": {
        "type": "Polygon",
        "coordinates": [
          [
            [
              74.16574177630356,
              31.22452045220618
            ],
            [
              74.1658933501164,
              31.207257416176102
            ],
            [
              74.1655353,
              31.20743969999999
            ],
            [
              74.162896,
              31.208669299999997
            ],
            [
              74.1607717,
              31.209825499999997
            ],
            [
              74.1584328,
              31.2124315
            ],
            [
              74.1564587,
              31.21448689999999
            ],
            [
              74.1539482,
              31.215753100000004
            ],
            [
              74.1519526,
              31.21602840000001
            ],
            [
              74.14897,
              31.215734800000003
            ],
            [
              74.149442,
              31.2165972
            ],
            [
              74.1515449,
              31.217349599999988
            ],
            [
              74.1540554,
              31.217569799999993
            ],
            [
              74.1573814,
              31.217845099999998
            ],
            [
              74.1591195,
              31.218946099999997
            ],
            [
              74.1596988,
              31.219973799999995
            ],
            [
              74.1586688,
              31.223276699999992
            ],
            [
              74.1597632,
              31.224377699999987
            ],
            [
              74.15982067608759,
              31.22448190591661
            ],
            [
              74.16574177630356,
              31.22452045220618
            ]
          ]
        ]
      }
    },
    {
      "type": "Feature",
      "id": "ZONE-LHR-0240",
      "properties": {
        "zone_id": "ZONE-LHR-0240",
        "zone_name": "Zone 240 (R19C6)",
        "area_sqkm": 5.67,
        "road_density_km_per_sqkm": 1.5,
        "estimated_road_length_km": 8.5,
        "is_urban_core": false
      },
      "geometry": {
        "type": "Polygon",
        "coordinates": [
          [
            [
              74.16574177630356,
              31.22452045220618
            ],
            [
              74.19723740585925,
              31.22472090646116
            ],
            [
              74.19735952534943,
              31.210267849853654
            ],
            [
              74.1933251,
              31.21073210000001
            ],
            [
              74.1905999,
              31.211337700000005
            ],
            [
              74.1884327,
              31.21119089999999
            ],
            [
              74.1860509,
              31.210053099999996
            ],
            [
              74.181416,
              31.20774069999999
            ],
            [
              74.17774470000002,
              31.2054025
            ],
            [
              74.1772726,
              31.203970999999996
            ],
            [
              74.1772297,
              31.202814700000005
            ],
            [
              74.1768864,
              31.200593900000005
            ],
            [
              74.1752342,
              31.200649000000002
            ],
            [
              74.175041,
              31.202410900000007
            ],
            [
              74.1740754,
              31.203420400000002
            ],
            [
              74.1718868,
              31.204484899999994
            ],
            [
              74.168239,
              31.2060632
            ],
            [
              74.1658933501164,
              31.207257416176102
            ],
            [
              74.16574177630356,
              31.22452045220618
            ]
          ]
        ]
      }
    },
    {
      "type": "Feature",
      "id": "ZONE-LHR-0241",
      "properties": {
        "zone_id": "ZONE-LHR-0241",
        "zone_name": "Zone 241 (R19C7)",
        "area_sqkm": 1.82,
        "road_density_km_per_sqkm": 1.5,
        "estimated_road_length_km": 2.73,
        "is_urban_core": false
      },
      "geometry": {
        "type": "Polygon",
        "coordinates": [
          [
            [
              74.19723740585925,
              31.22472090646116
            ],
            [
              74.21375481864254,
              31.2248229483016
            ],
            [
              74.213788,
              31.224766200000005
            ],
            [
              74.2132944,
              31.224068899999995
            ],
            [
              74.2121434,
              31.2216509
            ],
            [
              74.2084742,
              31.216347699999996
            ],
            [
              74.2050409,
              31.213595
            ],
            [
              74.2042899,
              31.21196170000001
            ],
            [
              74.2042256,
              31.209575899999997
            ],
            [
              74.20326,
              31.208217799999986
            ],
            [
              74.2022944,
              31.209318999999997
            ],
            [
              74.2003417,
              31.209924600000004
            ],
            [
              74.19735952534943,
              31.210267849853654
            ],
            [
              74.19723740585925,
              31.22472090646116
            ]
          ]
        ]
      }
    }
  ]
}